,play_id,game_id,play_num,team_id_for,team_id_against,event,secondaryType,x,y,period,periodType,periodTime,periodTimeRemaining,dateTime,goals_away,goals_home,description,st_x,st_y,rink_side,player_id,firstName,lastName,primaryPosition,birthDate,season,distance,assist,distance_bin,fullName
582,2017020760_56,2017020760,56,28.0,3.0,Goal,Wrist Shot,85.0,10.0,1,REGULAR,656,544,2018-01-26 04:00:44,1,2,"Logan Couture (19) Wrist Shot, assists: Kevin Labanc (19), Joakim Ryan (6)",85.0,10.0,left,8474053,Logan,Couture,C,1989-03-28,20172018,10.770329614269007,Kevin Labanc,"(10.0ft, 15.0ft)",Logan Couture
583,2017020760_111,2017020760,111,28.0,3.0,Goal,Wrist Shot,-65.0,-5.0,2,REGULAR,156,1044,2018-01-26 04:39:21,2,3,"Logan Couture (20) Wrist Shot, assists: Kevin Labanc (20), Marc-Edouard Vlasic (12)",65.0,5.0,right,8474053,Logan,Couture,C,1989-03-28,20172018,24.515301344262525,Kevin Labanc,"(20.0ft, 25.0ft)",Logan Couture
1188,2017020678_81,2017020678,81,28.0,53.0,Goal,Wrist Shot,70.0,11.0,1,REGULAR,817,383,2018-01-14 04:05:20,2,3,"Logan Couture (17) Wrist Shot, assists: Joonas Donskoi (8), Brent Burns (25)",70.0,11.0,left,8474053,Logan,Couture,C,1989-03-28,20172018,21.95449840010015,Joonas Donskoi,"(20.0ft, 25.0ft)",Logan Couture
1317,2014020079_81,2014020079,81,28.0,6.0,Goal,Tip-In,-43.0,-24.0,1,REGULAR,988,212,2014-10-21 23:40:25,1,1,"Logan Couture (2) Tip-In, assists: Patrick Marleau (4), Brent Burns (7)",43.0,24.0,right,8474053,Logan,Couture,C,1989-03-28,20142015,51.884487084291386,Patrick Marleau,"(50.0ft, 55.0ft)",Logan Couture
1318,2014020079_196,2014020079,196,28.0,6.0,Goal,Wrist Shot,69.0,5.0,2,REGULAR,975,225,2014-10-22 00:35:18,2,2,"Logan Couture (3) Wrist Shot, assists: Patrick Marleau (5), Tommy Wingels (2)",69.0,5.0,left,8474053,Logan,Couture,C,1989-03-28,20142015,20.615528128088304,Patrick Marleau,"(20.0ft, 25.0ft)",Logan Couture
2646,2014020837_181,2014020837,181,28.0,14.0,Goal,Snap Shot,-64.0,-4.0,2,REGULAR,627,573,2015-02-16 02:19:42,2,1,"Logan Couture (21) Snap Shot, assists: Matt Nieto (12), Matt Irwin (6)",64.0,4.0,right,8474053,Logan,Couture,C,1989-03-28,20142015,25.317977802344327,Matt Nieto,"(25.0ft, 30.0ft)",Logan Couture
3212,2016020033_84,2016020033,84,28.0,3.0,Goal,Snap Shot,79.0,4.0,1,REGULAR,1142,58,2016-10-17 23:41:05,1,1,"Logan Couture (2) Snap Shot, assists: Joe Pavelski (2), Joe Thornton (2)",79.0,4.0,left,8474053,Logan,Couture,C,1989-03-28,20162017,10.770329614269007,Joe Pavelski,"(10.0ft, 15.0ft)",Logan Couture
4337,2015030415_24,2015030415,24,28.0,5.0,Goal,Tip-In,-81.0,5.0,1,REGULAR,173,1027,2016-06-10 00:25:44,2,0,"Logan Couture (9) Tip-In, assists: Justin Braun (5)",81.0,-5.0,right,8474053,Logan,Couture,C,1989-03-28,20152016,9.433981132056603,Justin Braun,"(5.0ft, 10.0ft)",Logan Couture
7382,2014021134_181,2014021134,181,28.0,5.0,Goal,Snap Shot,73.0,10.0,2,REGULAR,938,262,2015-03-30 01:04:48,2,2,"Logan Couture (25) Snap Shot, assists: Patrick Marleau (36), Brent Burns (40)",73.0,10.0,left,8474053,Logan,Couture,C,1989-03-28,20142015,18.867962264113206,Patrick Marleau,"(15.0ft, 20.0ft)",Logan Couture
8273,2012020298_234,2012020298,234,28.0,17.0,Goal,Slap Shot,71.0,-27.0,3,REGULAR,289,911,2013-03-01 05:26:28,0,1,"Logan Couture (8) Slap Shot, assists: Joe Thornton (16), Douglas Murray (2)",71.0,-27.0,left,8474053,Logan,Couture,C,1989-03-28,20122013,32.449961479175904,Joe Thornton,"(30.0ft, 35.0ft)",Logan Couture
8965,2017021174_354,2017021174,354,28.0,16.0,Goal,Wrist Shot,78.0,4.0,5,SHOOTOUT,0,300,2018-03-27 03:12:49,3,3,Logan Couture - Wrist Shot,78.0,4.0,,8474053,Logan,Couture,C,1989-03-28,20172018,11.704699910719626,ogan Couture,"(10.0ft, 15.0ft)",Logan Couture
10802,2017020774_350,2017020774,350,28.0,17.0,Goal,Wrist Shot,73.0,3.0,5,SHOOTOUT,0,300,2018-02-01 03:49:28,1,1,Logan Couture - Wrist Shot,73.0,3.0,,8474053,Logan,Couture,C,1989-03-28,20172018,16.278820596099706,ogan Couture,"(15.0ft, 20.0ft)",Logan Couture
11050,2012020601_247,2012020601,247,28.0,17.0,Goal,Deflected,83.0,-8.0,3,REGULAR,240,960,2013-04-12 01:39:38,2,2,"Logan Couture (16) Deflected, assists: Joe Thornton (29), Dan Boyle (12)",83.0,-8.0,left,8474053,Logan,Couture,C,1989-03-28,20122013,10.0,Joe Thornton,"(10.0ft, 15.0ft)",Logan Couture
11051,2012020601_347,2012020601,347,28.0,17.0,Goal,Backhand,80.0,-1.0,5,SHOOTOUT,0,300,2013-04-12 02:21:11,2,2,Logan Couture - Backhand,80.0,-1.0,,8474053,Logan,Couture,C,1989-03-28,20122013,9.055385138137417,ogan Couture,"(5.0ft, 10.0ft)",Logan Couture
11791,2016021062_104,2016021062,104,28.0,24.0,Goal,Snap Shot,69.0,-2.0,1,REGULAR,1153,47,2017-03-19 03:13:37,1,1,"Logan Couture (25) Snap Shot, assists: Joe Thornton (42), Patrick Marleau (18)",69.0,-2.0,left,8474053,Logan,Couture,C,1989-03-28,20162017,20.09975124224178,Joe Thornton,"(20.0ft, 25.0ft)",Logan Couture
11965,2012020087_292,2012020087,292,28.0,24.0,Goal,Wrist Shot,50.0,-25.0,3,REGULAR,1035,165,2013-01-30 05:51:23,2,2,"Logan Couture (4) Wrist Shot, assists: Scott Gomez (1), Ryane Clowe (4)",50.0,-25.0,left,8474053,Logan,Couture,C,1989-03-28,20122013,46.32493928760188,Scott Gomez,"(45.0ft, 50.0ft)",Logan Couture
11967,2012020283_9,2012020283,9,28.0,21.0,Goal,Slap Shot,65.0,-1.0,1,REGULAR,25,1175,2013-02-27 03:39:12,0,1,"Logan Couture (7) Slap Shot, assists: Joe Thornton (15), Martin Havlat (3)",65.0,-1.0,left,8474053,Logan,Couture,C,1989-03-28,20122013,24.020824298928627,Joe Thornton,"(20.0ft, 25.0ft)",Logan Couture
11975,2012020100_125,2012020100,125,28.0,22.0,Goal,Wrist Shot,-49.0,-4.0,2,REGULAR,452,748,2013-02-01 04:39:53,0,1,"Logan Couture (5) Wrist Shot, assists: none",49.0,4.0,right,8474053,Logan,Couture,C,1989-03-28,20122013,40.19950248448356,None,"(40.0ft, 45.0ft)",Logan Couture
12342,2016020623_41,2016020623,41,28.0,20.0,Goal,Tip-In,61.0,1.0,1,REGULAR,580,620,2017-01-12 03:00:45,1,0,"Logan Couture (14) Tip-In, assists: Brent Burns (27), Joe Pavelski (24)",61.0,1.0,left,8474053,Logan,Couture,C,1989-03-28,20162017,28.0178514522438,Brent Burns,"(25.0ft, 30.0ft)",Logan Couture
13058,2016020394_159,2016020394,159,28.0,9.0,Goal,Wrist Shot,-55.0,1.0,2,REGULAR,499,701,2016-12-08 04:46:02,2,1,"Logan Couture (10) Wrist Shot, assists: Joe Pavelski (16), Joe Thornton (14)",55.0,-1.0,right,8474053,Logan,Couture,C,1989-03-28,20162017,34.0147027033899,Joe Pavelski,"(30.0ft, 35.0ft)",Logan Couture
13924,2017030182_91,2017030182,91,28.0,24.0,Goal,Backhand,-78.0,1.0,1,REGULAR,881,319,2018-04-15 03:13:37,2,1,"Logan Couture (1) Backhand, assists: Kevin Labanc (1), Joe Pavelski (3)",78.0,-1.0,right,8474053,Logan,Couture,C,1989-03-28,20172018,11.045361017187261,Kevin Labanc,"(10.0ft, 15.0ft)",Logan Couture
14106,2013021193_186,2013021193,186,28.0,24.0,Goal,Wrist Shot,82.0,-27.0,2,REGULAR,443,757,2014-04-10 03:56:27,2,2,"Logan Couture (22) Wrist Shot, assists: none",82.0,-27.0,left,8474053,Logan,Couture,C,1989-03-28,20132014,27.892651361962706,None,"(25.0ft, 30.0ft)",Logan Couture
14601,2016020783_244,2016020783,244,28.0,53.0,Goal,Wrist Shot,58.0,0.0,3,REGULAR,138,1062,2017-02-05 05:39:24,1,2,"Logan Couture (18) Wrist Shot, assists: Patrick Marleau (11), Mikkel Boedker (12)",58.0,0.0,left,8474053,Logan,Couture,C,1989-03-28,20162017,31.0,Patrick Marleau,"(30.0ft, 35.0ft)",Logan Couture
14602,2016020783_364,2016020783,364,28.0,53.0,Goal,Backhand,80.0,-5.0,5,SHOOTOUT,0,300,2017-02-05 06:25:30,2,2,Logan Couture - Backhand,80.0,-5.0,,8474053,Logan,Couture,C,1989-03-28,20162017,10.295630140987,ogan Couture,"(10.0ft, 15.0ft)",Logan Couture
15241,2017021194_44,2017021194,44,28.0,18.0,Goal,Wrist Shot,-58.0,-2.0,1,REGULAR,415,785,2018-03-30 00:23:17,1,1,"Logan Couture (32) Wrist Shot, assists: Brent Burns (52), Mikkel Boedker (20)",58.0,2.0,right,8474053,Logan,Couture,C,1989-03-28,20172018,31.064449134018133,Brent Burns,"(30.0ft, 35.0ft)",Logan Couture
16290,2015020681_228,2015020681,228,28.0,9.0,Goal,Wrist Shot,68.0,-1.0,3,REGULAR,167,1033,2016-01-19 05:32:00,2,2,"Logan Couture (2) Wrist Shot, assists: Joel Ward (15), Marc-Edouard Vlasic (17)",68.0,-1.0,left,8474053,Logan,Couture,C,1989-03-28,20152016,21.02379604162864,Joel Ward,"(20.0ft, 25.0ft)",Logan Couture
16373,2017020124_13,2017020124,13,28.0,3.0,Goal,Slap Shot,36.0,-5.0,1,REGULAR,116,1084,2017-10-23 23:10:48,1,0,"Logan Couture (7) Slap Shot, assists: Brent Burns (5), Mikkel Boedker (3)",36.0,-5.0,left,8474053,Logan,Couture,C,1989-03-28,20172018,53.23532661682466,Brent Burns,"(50.0ft, 55.0ft)",Logan Couture
17194,2012020653_163,2012020653,163,28.0,30.0,Goal,Snap Shot,-78.0,-1.0,2,REGULAR,329,871,2013-04-19 03:40:25,0,2,"Logan Couture (18) Snap Shot, assists: Patrick Marleau (13), Joe Thornton (32)",78.0,1.0,right,8474053,Logan,Couture,C,1989-03-28,20122013,11.045361017187261,Patrick Marleau,"(10.0ft, 15.0ft)",Logan Couture
17195,2012020653_313,2012020653,313,28.0,30.0,Goal,Slap Shot,65.0,8.0,3,REGULAR,555,645,2013-04-19 04:46:06,1,6,"Logan Couture (19) Slap Shot, assists: Martin Havlat (9)",65.0,8.0,left,8474053,Logan,Couture,C,1989-03-28,20122013,25.298221281347036,Martin Havlat,"(25.0ft, 30.0ft)",Logan Couture
18516,2014020601_96,2014020601,96,28.0,19.0,Goal,Wrist Shot,-76.0,-21.0,1,REGULAR,1107,93,2015-01-09 01:42:14,1,2,"Logan Couture (15) Wrist Shot, assists: Brenden Dillon (6)",76.0,21.0,right,8474053,Logan,Couture,C,1989-03-28,20142015,24.698178070456937,Brenden Dillon,"(20.0ft, 25.0ft)",Logan Couture
18824,2013020187_215,2013020187,215,28.0,26.0,Goal,Wrist Shot,-70.0,0.0,2,REGULAR,1084,116,2013-10-31 04:07:28,3,2,"Logan Couture (7) Wrist Shot, assists: Patrick Marleau (7), Jason Demers (7)",70.0,0.0,right,8474053,Logan,Couture,C,1989-03-28,20132014,19.0,Patrick Marleau,"(15.0ft, 20.0ft)",Logan Couture
18883,2012020720_124,2012020720,124,28.0,26.0,Goal,Wrist Shot,-75.0,-11.0,2,REGULAR,97,1103,2013-04-28 03:33:04,1,1,"Logan Couture (21) Wrist Shot, assists: TJ Galiardi (9), Brent Burns (10)",75.0,11.0,right,8474053,Logan,Couture,C,1989-03-28,20122013,17.804493814764857,TJ Galiardi,"(15.0ft, 20.0ft)",Logan Couture
19409,2012020401_184,2012020401,184,28.0,26.0,Goal,Slap Shot,-36.0,4.0,2,REGULAR,514,686,2013-03-15 03:51:45,0,3,"Logan Couture (11) Slap Shot, assists: Joe Thornton (21), Dan Boyle (8)",36.0,-4.0,right,8474053,Logan,Couture,C,1989-03-28,20122013,53.150729063673246,Joe Thornton,"(50.0ft, 55.0ft)",Logan Couture
19410,2012020401_261,2012020401,261,28.0,26.0,Goal,Wrist Shot,75.0,9.0,3,REGULAR,27,1173,2013-03-15 04:34:02,1,4,"Logan Couture (12) Wrist Shot, assists: Brent Burns (1)",75.0,9.0,left,8474053,Logan,Couture,C,1989-03-28,20122013,16.64331697709324,Brent Burns,"(15.0ft, 20.0ft)",Logan Couture
19432,2014020696_77,2014020696,77,28.0,26.0,Goal,Wrist Shot,78.0,5.0,1,REGULAR,644,556,2015-01-22 04:05:30,0,1,"Logan Couture (17) Wrist Shot, assists: Matt Irwin (4), Antti Niemi (2)",78.0,5.0,left,8474053,Logan,Couture,C,1989-03-28,20142015,12.083045973594572,Matt Irwin,"(10.0ft, 15.0ft)",Logan Couture
19433,2014020696_365,2014020696,365,28.0,26.0,Goal,,59.0,-12.0,3,REGULAR,1197,3,2015-01-22 06:19:05,2,4,"Logan Couture (18) , assists: none",59.0,-12.0,left,8474053,Logan,Couture,C,1989-03-28,20142015,32.31098884280703,None,"(30.0ft, 35.0ft)",Logan Couture
19489,2016020344_117,2016020344,117,28.0,26.0,Goal,Wrist Shot,83.0,-7.0,1,REGULAR,1145,55,2016-12-01 04:23:26,2,0,"Logan Couture (8) Wrist Shot, assists: Joonas Donskoi (6), Joel Ward (5)",83.0,-7.0,left,8474053,Logan,Couture,C,1989-03-28,20162017,9.219544457292887,Joonas Donskoi,"(5.0ft, 10.0ft)",Logan Couture
19619,2012020358_80,2012020358,80,28.0,19.0,Goal,Wrist Shot,80.0,-3.0,1,REGULAR,919,281,2013-03-09 21:33:04,1,1,"Logan Couture (9) Wrist Shot, assists: Tommy Wingels (5), Matt Irwin (2)",80.0,-3.0,left,8474053,Logan,Couture,C,1989-03-28,20122013,9.486832980505138,Tommy Wingels,"(5.0ft, 10.0ft)",Logan Couture
20187,2015020892_73,2015020892,73,28.0,19.0,Goal,Tip-In,-82.0,1.0,1,REGULAR,779,421,2016-02-23 01:36:07,3,0,"Logan Couture (7) Tip-In, assists: Joe Thornton (41), Brent Burns (31)",82.0,-1.0,right,8474053,Logan,Couture,C,1989-03-28,20152016,7.0710678118654755,Joe Thornton,"(5.0ft, 10.0ft)",Logan Couture
20188,2015020892_167,2015020892,167,28.0,19.0,Goal,Wrist Shot,79.0,6.0,2,REGULAR,705,495,2016-02-23 02:30:08,4,2,"Logan Couture (8) Wrist Shot, assists: Melker Karlsson (6), Marc-Edouard Vlasic (27)",79.0,6.0,left,8474053,Logan,Couture,C,1989-03-28,20152016,11.661903789690601,Melker Karlsson,"(10.0ft, 15.0ft)",Logan Couture
20872,2016020571_186,2016020571,186,28.0,26.0,Goal,Wrist Shot,-66.0,-20.0,2,REGULAR,716,484,2017-01-04 04:24:35,0,1,"Logan Couture (12) Wrist Shot, assists: Kevin Labanc (4), Paul Martin (10)",66.0,20.0,right,8474053,Logan,Couture,C,1989-03-28,20162017,30.479501308256342,Kevin Labanc,"(30.0ft, 35.0ft)",Logan Couture
21461,2015020724_303,2015020724,303,28.0,26.0,Goal,Snap Shot,65.0,18.0,3,REGULAR,702,498,2016-01-25 05:23:22,1,2,"Logan Couture (3) Snap Shot, assists: Joonas Donskoi (14), Melker Karlsson (4)",65.0,18.0,left,8474053,Logan,Couture,C,1989-03-28,20152016,30.0,Joonas Donskoi,"(30.0ft, 35.0ft)",Logan Couture
21648,2013020607_185,2013020607,185,28.0,24.0,Goal,Snap Shot,81.0,2.0,2,REGULAR,755,445,2014-01-01 02:30:10,2,2,"Logan Couture (12) Snap Shot, assists: Patrick Marleau (20), Marc-Edouard Vlasic (11)",81.0,2.0,left,8474053,Logan,Couture,C,1989-03-28,20132014,8.246211251235321,Patrick Marleau,"(5.0ft, 10.0ft)",Logan Couture
21756,2014020196_210,2014020196,210,28.0,23.0,Goal,Deflected,-82.0,0.0,2,REGULAR,643,557,2014-11-07 04:56:40,1,2,"Logan Couture (7) Deflected, assists: Joe Pavelski (7), Patrick Marleau (9)",82.0,0.0,right,8474053,Logan,Couture,C,1989-03-28,20142015,7.0,Joe Pavelski,"(5.0ft, 10.0ft)",Logan Couture
21810,2017020937_166,2017020937,166,28.0,18.0,Goal,Backhand,93.0,-28.0,2,REGULAR,517,683,2018-02-23 02:21:28,1,2,"Logan Couture (25) Backhand, assists: Kevin Labanc (25), Justin Braun (24)",93.0,-28.0,left,8474053,Logan,Couture,C,1989-03-28,20172018,28.284271247461902,Kevin Labanc,"(25.0ft, 30.0ft)",Logan Couture
22058,2014021108_189,2014021108,189,28.0,17.0,Goal,Wrist Shot,69.0,-26.0,3,REGULAR,31,1169,2015-03-27 01:25:06,4,2,"Logan Couture (24) Wrist Shot, assists: Patrick Marleau (35)",69.0,-26.0,left,8474053,Logan,Couture,C,1989-03-28,20142015,32.802438933713454,Patrick Marleau,"(30.0ft, 35.0ft)",Logan Couture
22178,2012020127_94,2012020127,94,28.0,24.0,Goal,Backhand,-79.0,4.0,1,REGULAR,1088,112,2013-02-05 03:38:32,1,0,"Logan Couture (6) Backhand, assists: Andrew Desjardins (1), Tommy Wingels (2)",79.0,-4.0,right,8474053,Logan,Couture,C,1989-03-28,20122013,10.770329614269007,Andrew Desjardins,"(10.0ft, 15.0ft)",Logan Couture
22341,2014020355_76,2014020355,76,28.0,24.0,Goal,Wrist Shot,74.0,0.0,1,REGULAR,545,655,2014-11-30 03:53:44,0,1,"Logan Couture (9) Wrist Shot, assists: Tommy Wingels (6), Patrick Marleau (13)",74.0,0.0,left,8474053,Logan,Couture,C,1989-03-28,20142015,15.0,Tommy Wingels,"(15.0ft, 20.0ft)",Logan Couture
22342,2014020355_97,2014020355,97,28.0,24.0,Goal,Wrist Shot,68.0,0.0,1,REGULAR,815,385,2014-11-30 04:03:13,1,2,"Logan Couture (10) Wrist Shot, assists: none",68.0,0.0,left,8474053,Logan,Couture,C,1989-03-28,20142015,21.0,None,"(20.0ft, 25.0ft)",Logan Couture
22464,2016020321_55,2016020321,55,28.0,24.0,Goal,Wrist Shot,49.0,-23.0,1,REGULAR,520,680,2016-11-27 03:54:18,0,1,"Logan Couture (7) Wrist Shot, assists: Patrick Marleau (2), Joe Pavelski (13)",49.0,-23.0,left,8474053,Logan,Couture,C,1989-03-28,20162017,46.14108798023731,Patrick Marleau,"(45.0ft, 50.0ft)",Logan Couture
23327,2015030416_181,2015030416,181,28.0,5.0,Goal,Wrist Shot,-69.0,-3.0,2,REGULAR,387,813,2016-06-13 01:26:58,1,1,"Logan Couture (10) Wrist Shot, assists: Melker Karlsson (3), Brent Burns (17)",69.0,3.0,right,8474053,Logan,Couture,C,1989-03-28,20152016,20.223748416156685,Melker Karlsson,"(20.0ft, 25.0ft)",Logan Couture
23777,2017020764_237,2017020764,237,28.0,5.0,Goal,Wrist Shot,82.0,-10.0,2,REGULAR,1115,85,2018-01-31 01:42:58,2,1,"Logan Couture (21) Wrist Shot, assists: Tomas Hertl (16), Joe Pavelski (25)",82.0,-10.0,left,8474053,Logan,Couture,C,1989-03-28,20172018,12.206555615733702,Tomas Hertl,"(10.0ft, 15.0ft)",Logan Couture
24205,2013020225_429,2013020225,429,28.0,7.0,Goal,Snap Shot,68.0,2.0,5,SHOOTOUT,0,300,2013-11-06 06:22:05,4,4,Logan Couture - Snap Shot,68.0,2.0,,8474053,Logan,Couture,C,1989-03-28,20132014,21.095023109728988,ogan Couture,"(20.0ft, 25.0ft)",Logan Couture
24394,2016020790_92,2016020790,92,28.0,7.0,Goal,Backhand,-84.0,5.0,1,REGULAR,1033,167,2017-02-08 00:42:31,2,1,"Logan Couture (19) Backhand, assists: Mikkel Boedker (13), Marc-Edouard Vlasic (15)",84.0,-5.0,right,8474053,Logan,Couture,C,1989-03-28,20162017,7.0710678118654755,Mikkel Boedker,"(5.0ft, 10.0ft)",Logan Couture
24666,2014020050_376,2014020050,376,28.0,2.0,Goal,Wrist Shot,76.0,1.0,5,SHOOTOUT,0,300,2014-10-17 01:51:36,3,3,Logan Couture - Wrist Shot,76.0,1.0,,8474053,Logan,Couture,C,1989-03-28,20142015,13.038404810405298,ogan Couture,"(10.0ft, 15.0ft)",Logan Couture
24672,2014020152_316,2014020152,316,28.0,2.0,Goal,Deflected,84.0,-6.0,3,REGULAR,710,490,2014-11-02 05:54:31,1,2,"Logan Couture (6) Deflected, assists: Justin Braun (5), Marc-Edouard Vlasic (2)",84.0,-6.0,left,8474053,Logan,Couture,C,1989-03-28,20142015,7.810249675906654,Justin Braun,"(5.0ft, 10.0ft)",Logan Couture
24716,2013020469_395,2013020469,395,28.0,2.0,Goal,Snap Shot,77.0,1.0,5,SHOOTOUT,0,300,2013-12-11 06:14:13,2,2,Logan Couture - Snap Shot,77.0,1.0,,8474053,Logan,Couture,C,1989-03-28,20132014,12.041594578792296,ogan Couture,"(10.0ft, 15.0ft)",Logan Couture
25661,2017020115_128,2017020115,128,28.0,2.0,Goal,Tip-In,66.0,-5.0,2,REGULAR,386,814,2017-10-22 00:14:30,1,0,"Logan Couture (4) Tip-In, assists: Brent Burns (3), Joe Thornton (4)",66.0,-5.0,left,8474053,Logan,Couture,C,1989-03-28,20172018,23.53720459187964,Brent Burns,"(20.0ft, 25.0ft)",Logan Couture
25662,2017020115_167,2017020115,167,28.0,2.0,Goal,Wrist Shot,50.0,14.0,2,REGULAR,764,436,2017-10-22 00:28:57,2,2,"Logan Couture (5) Wrist Shot, assists: Jannik Hansen (1), Brenden Dillon (3)",50.0,14.0,left,8474053,Logan,Couture,C,1989-03-28,20172018,41.43669871020132,Jannik Hansen,"(40.0ft, 45.0ft)",Logan Couture
25663,2017020115_280,2017020115,280,28.0,2.0,Goal,Tip-In,-81.0,0.0,3,REGULAR,1088,112,2017-10-22 01:32:47,3,4,"Logan Couture (6) Tip-In, assists: Kevin Labanc (3), Brent Burns (4)",81.0,0.0,right,8474053,Logan,Couture,C,1989-03-28,20172018,8.0,Kevin Labanc,"(5.0ft, 10.0ft)",Logan Couture
26116,2015020783_271,2015020783,271,28.0,18.0,Goal,Slap Shot,-64.0,-16.0,3,REGULAR,817,383,2016-02-07 03:30:06,2,5,"Logan Couture (4) Slap Shot, assists: Joe Thornton (33), Dylan DeMelo (2)",64.0,16.0,right,8474053,Logan,Couture,C,1989-03-28,20152016,29.68164415931166,Joe Thornton,"(25.0ft, 30.0ft)",Logan Couture
26462,2016020420_175,2016020420,175,28.0,12.0,Goal,Deflected,-73.0,-5.0,2,REGULAR,738,462,2016-12-11 04:53:32,2,3,"Logan Couture (11) Deflected, assists: Brent Burns (13), Joel Ward (7)",73.0,5.0,right,8474053,Logan,Couture,C,1989-03-28,20162017,16.76305461424021,Brent Burns,"(15.0ft, 20.0ft)",Logan Couture
27812,2014020808_213,2014020808,213,28.0,15.0,Goal,Wrap-around,-87.0,5.0,2,REGULAR,888,312,2015-02-12 05:07:06,2,3,"Logan Couture (20) Wrap-around, assists: Matt Nieto (11), Patrick Marleau (30)",87.0,-5.0,right,8474053,Logan,Couture,C,1989-03-28,20142015,5.385164807134504,Matt Nieto,"(5.0ft, 10.0ft)",Logan Couture
27860,2013020044_186,2013020044,186,28.0,3.0,Goal,Slap Shot,-84.0,1.0,2,REGULAR,579,621,2013-10-09 03:50:02,1,5,"Logan Couture (2) Slap Shot, assists: Patrick Marleau (1), Matt Irwin (2)",84.0,-1.0,right,8474053,Logan,Couture,C,1989-03-28,20132014,5.0990195135927845,Patrick Marleau,"(5.0ft, 10.0ft)",Logan Couture
28053,2017020743_168,2017020743,168,28.0,52.0,Goal,Slap Shot,-76.0,-8.0,2,REGULAR,578,622,2018-01-24 04:50:17,3,2,"Logan Couture (18) Slap Shot, assists: Joel Ward (5), Brenden Dillon (9)",76.0,8.0,right,8474053,Logan,Couture,C,1989-03-28,20172018,15.264337522473747,Joel Ward,"(15.0ft, 20.0ft)",Logan Couture
28062,2017020646_198,2017020646,198,28.0,52.0,Goal,Slap Shot,-62.0,-9.0,2,REGULAR,887,313,2018-01-07 21:32:23,1,2,"Logan Couture (16) Slap Shot, assists: Joe Pavelski (18), Brent Burns (23)",62.0,9.0,right,8474053,Logan,Couture,C,1989-03-28,20172018,28.460498941515414,Joe Pavelski,"(25.0ft, 30.0ft)",Logan Couture
28293,2015030241_362,2015030241,362,28.0,18.0,Goal,Backhand,82.0,2.0,3,REGULAR,940,260,2016-04-30 05:08:11,1,3,"Logan Couture (2) Backhand, assists: Joe Pavelski (2), Brent Burns (8)",82.0,2.0,left,8474053,Logan,Couture,C,1989-03-28,20152016,7.280109889280518,Joe Pavelski,"(5.0ft, 10.0ft)",Logan Couture
28294,2015030241_376,2015030241,376,28.0,18.0,Goal,Wrist Shot,47.0,24.0,3,REGULAR,1111,89,2016-04-30 05:13:39,2,4,"Logan Couture (3) Wrist Shot, assists: Nick Spaling (1)",47.0,24.0,left,8474053,Logan,Couture,C,1989-03-28,20152016,48.373546489791295,Nick Spaling,"(45.0ft, 50.0ft)",Logan Couture
28300,2015030247_152,2015030247,152,28.0,18.0,Goal,Snap Shot,-77.0,10.0,2,REGULAR,36,1164,2016-05-13 02:08:37,0,3,"Logan Couture (7) Snap Shot, assists: none",77.0,-10.0,right,8474053,Logan,Couture,C,1989-03-28,20152016,15.620499351813308,None,"(15.0ft, 20.0ft)",Logan Couture
28306,2015030326_352,2015030326,352,28.0,19.0,Goal,Wrist Shot,64.0,-35.0,3,REGULAR,1180,20,2016-05-26 03:42:42,2,5,"Logan Couture (8) Wrist Shot, assists: Marc-Edouard Vlasic (10)",64.0,-35.0,left,8474053,Logan,Couture,C,1989-03-28,20152016,43.01162633521314,Marc-Edouard Vlasic,"(40.0ft, 45.0ft)",Logan Couture
28358,2016020299_65,2016020299,65,28.0,16.0,Goal,Slap Shot,72.0,-16.0,1,REGULAR,692,508,2016-11-24 03:35:29,0,1,"Logan Couture (6) Slap Shot, assists: Joe Pavelski (12), Brent Burns (10)",72.0,-16.0,left,8474053,Logan,Couture,C,1989-03-28,20162017,23.345235059857504,Joe Pavelski,"(20.0ft, 25.0ft)",Logan Couture
28393,2017020331_112,2017020331,112,28.0,53.0,Goal,Backhand,76.0,1.0,2,REGULAR,296,904,2017-11-23 03:07:05,2,0,"Logan Couture (11) Backhand, assists: Joonas Donskoi (4), Justin Braun (6)",76.0,1.0,left,8474053,Logan,Couture,C,1989-03-28,20172018,13.038404810405298,Joonas Donskoi,"(10.0ft, 15.0ft)",Logan Couture
28405,2015020631_123,2015020631,123,28.0,20.0,Goal,Wrist Shot,-84.0,-34.0,2,REGULAR,113,1087,2016-01-12 03:12:29,3,1,"Logan Couture (1) Wrist Shot, assists: none",84.0,34.0,right,8474053,Logan,Couture,C,1989-03-28,20152016,34.36568055487916,None,"(30.0ft, 35.0ft)",Logan Couture
28698,2012030243_406,2012030243,406,28.0,26.0,Goal,Wrist Shot,-77.0,2.0,4,OVERTIME,89,1111,2013-05-19 04:05:57,1,2,"Logan Couture (4) Wrist Shot, assists: Patrick Marleau (3), Joe Thornton (7)",77.0,-2.0,right,8474053,Logan,Couture,C,1989-03-28,20122013,12.165525060596439,Patrick Marleau,"(10.0ft, 15.0ft)",Logan Couture
28757,2016020004_91,2016020004,91,28.0,26.0,Goal,Wrist Shot,49.0,7.0,1,REGULAR,845,355,2016-10-13 03:12:20,1,1,"Logan Couture (1) Wrist Shot, assists: Joe Pavelski (1), Joe Thornton (1)",49.0,7.0,left,8474053,Logan,Couture,C,1989-03-28,20162017,40.607881008493905,Joe Pavelski,"(40.0ft, 45.0ft)",Logan Couture
28847,2012030244_168,2012030244,168,28.0,26.0,Goal,Tip-In,-36.0,4.0,2,REGULAR,235,965,2013-05-22 03:18:33,0,2,"Logan Couture (5) Tip-In, assists: Dan Boyle (4), Joe Pavelski (6)",36.0,-4.0,right,8474053,Logan,Couture,C,1989-03-28,20122013,53.150729063673246,Dan Boyle,"(50.0ft, 55.0ft)",Logan Couture
28876,2014020671_115,2014020671,115,28.0,20.0,Goal,Snap Shot,-57.0,-32.0,2,REGULAR,12,1188,2015-01-18 04:02:54,2,1,"Logan Couture (16) Snap Shot, assists: Patrick Marleau (22), Justin Braun (17)",57.0,32.0,right,8474053,Logan,Couture,C,1989-03-28,20142015,45.254833995939045,Patrick Marleau,"(45.0ft, 50.0ft)",Logan Couture
29029,2013020121_334,2013020121,334,28.0,20.0,Goal,Snap Shot,2.0,36.0,3,REGULAR,1118,82,2013-10-20 04:40:12,3,6,"Logan Couture (4) Snap Shot, assists: Tommy Wingels (4), Marc-Edouard Vlasic (5)",2.0,36.0,left,8474053,Logan,Couture,C,1989-03-28,20132014,94.15412895885129,Tommy Wingels,"(90.0ft, 95.0ft)",Logan Couture
29205,2015020817_121,2015020817,121,28.0,20.0,Goal,Wrist Shot,-77.0,-12.0,2,REGULAR,48,1152,2016-02-12 04:36:24,4,2,"Logan Couture (5) Wrist Shot, assists: Brent Burns (27), Patrick Marleau (18)",77.0,12.0,right,8474053,Logan,Couture,C,1989-03-28,20152016,16.97056274847714,Brent Burns,"(15.0ft, 20.0ft)",Logan Couture
29206,2015020817_367,2015020817,367,28.0,20.0,Goal,Snap Shot,74.0,1.0,5,SHOOTOUT,0,300,2016-02-12 06:25:55,5,5,Logan Couture - Snap Shot,74.0,1.0,,8474053,Logan,Couture,C,1989-03-28,20152016,15.033296378372908,ogan Couture,"(15.0ft, 20.0ft)",Logan Couture
29306,2017030183_30,2017030183,30,28.0,24.0,Goal,Wrist Shot,79.0,3.0,1,REGULAR,224,976,2018-04-17 02:45:42,0,1,"Logan Couture (2) Wrist Shot, assists: Mikkel Boedker (2)",79.0,3.0,left,8474053,Logan,Couture,C,1989-03-28,20172018,10.44030650891055,Mikkel Boedker,"(10.0ft, 15.0ft)",Logan Couture
29920,2013020402_144,2013020402,144,28.0,24.0,Goal,Tip-In,-79.0,-4.0,2,REGULAR,256,944,2013-12-01 04:43:08,1,1,"Logan Couture (9) Tip-In, assists: Marc-Edouard Vlasic (9), Patrick Marleau (14)",79.0,4.0,right,8474053,Logan,Couture,C,1989-03-28,20132014,10.770329614269007,Marc-Edouard Vlasic,"(10.0ft, 15.0ft)",Logan Couture
30290,2013020211_354,2013020211,354,28.0,27.0,Goal,Snap Shot,69.0,-1.0,5,SHOOTOUT,0,300,2013-11-03 05:14:12,2,2,Logan Couture - Snap Shot,69.0,-1.0,,8474053,Logan,Couture,C,1989-03-28,20132014,20.024984394500787,ogan Couture,"(20.0ft, 25.0ft)",Logan Couture
30351,2012020049_129,2012020049,129,28.0,27.0,Goal,Tip-In,79.0,1.0,1,REGULAR,1162,38,2013-01-25 04:21:59,0,1,"Logan Couture (3) Tip-In, assists: Joe Pavelski (5), Joe Thornton (6)",79.0,1.0,left,8474053,Logan,Couture,C,1989-03-28,20122013,10.04987562112089,Joe Pavelski,"(10.0ft, 15.0ft)",Logan Couture
31305,2013020410_379,2013020410,379,28.0,10.0,Goal,Wrist Shot,47.0,14.0,3,REGULAR,1116,84,2013-12-04 02:40:13,4,2,"Logan Couture (10) Wrist Shot, assists: Tommy Wingels (10)",47.0,14.0,left,8474053,Logan,Couture,C,1989-03-28,20132014,44.27188724235731,Tommy Wingels,"(40.0ft, 45.0ft)",Logan Couture
31709,2017021131_176,2017021131,176,28.0,1.0,Goal,Wrist Shot,-67.0,-25.0,2,REGULAR,678,522,2018-03-21 03:56:09,1,5,"Logan Couture (30) Wrist Shot, assists: Brenden Dillon (15)",67.0,25.0,right,8474053,Logan,Couture,C,1989-03-28,20172018,33.301651610693426,Brenden Dillon,"(30.0ft, 35.0ft)",Logan Couture
31773,2013030182_318,2013030182,318,28.0,26.0,Goal,Wrist Shot,75.0,0.0,3,REGULAR,488,712,2014-04-21 04:18:06,2,6,"Logan Couture (1) Wrist Shot, assists: Patrick Marleau (1), Matt Nieto (3)",75.0,0.0,left,8474053,Logan,Couture,C,1989-03-28,20132014,14.0,Patrick Marleau,"(10.0ft, 15.0ft)",Logan Couture
31798,2015030182_180,2015030182,180,28.0,26.0,Goal,Wrist Shot,-81.0,-4.0,2,REGULAR,524,676,2016-04-17 03:59:32,2,0,"Logan Couture (1) Wrist Shot, assists: Joe Pavelski (1), Patrick Marleau (1)",81.0,4.0,right,8474053,Logan,Couture,C,1989-03-28,20152016,8.94427190999916,Joe Pavelski,"(5.0ft, 10.0ft)",Logan Couture
31815,2014020133_262,2014020133,262,28.0,21.0,Goal,Wrist Shot,68.0,5.0,3,REGULAR,303,897,2014-10-29 03:09:40,2,2,"Logan Couture (5) Wrist Shot, assists: Justin Braun (4), Tommy Wingels (3)",68.0,5.0,left,8474053,Logan,Couture,C,1989-03-28,20142015,21.587033144922902,Justin Braun,"(20.0ft, 25.0ft)",Logan Couture
31843,2016020435_380,2016020435,380,28.0,10.0,Goal,Snap Shot,73.0,2.0,5,SHOOTOUT,0,300,2016-12-14 03:25:17,2,2,Logan Couture - Snap Shot,73.0,2.0,,8474053,Logan,Couture,C,1989-03-28,20162017,16.1245154965971,ogan Couture,"(15.0ft, 20.0ft)",Logan Couture
31870,2012030173_278,2012030173,278,28.0,23.0,Goal,Snap Shot,57.0,32.0,3,REGULAR,100,1100,2013-05-06 04:05:55,1,3,"Logan Couture (2) Snap Shot, assists: Matt Irwin (1)",57.0,32.0,left,8474053,Logan,Couture,C,1989-03-28,20122013,45.254833995939045,Matt Irwin,"(45.0ft, 50.0ft)",Logan Couture
31871,2012030173_295,2012030173,295,28.0,23.0,Goal,Wrist Shot,64.0,9.0,3,REGULAR,247,953,2013-05-06 04:11:36,1,5,"Logan Couture (3) Wrist Shot, assists: Joe Thornton (2), Joe Pavelski (4)",64.0,9.0,left,8474053,Logan,Couture,C,1989-03-28,20122013,26.570660511172846,Joe Thornton,"(25.0ft, 30.0ft)",Logan Couture
31883,2015030242_259,2015030242,259,28.0,18.0,Goal,Slap Shot,-81.0,-6.0,2,REGULAR,1116,84,2016-05-02 01:39:35,0,1,"Logan Couture (4) Slap Shot, assists: Joe Pavelski (3), Brent Burns (9)",81.0,6.0,right,8474053,Logan,Couture,C,1989-03-28,20152016,10.0,Joe Pavelski,"(10.0ft, 15.0ft)",Logan Couture
31889,2015030245_150,2015030245,150,28.0,18.0,Goal,Backhand,-82.0,3.0,2,REGULAR,35,1165,2016-05-08 03:07:55,1,3,"Logan Couture (5) Backhand, assists: Joonas Donskoi (4), Justin Braun (2)",82.0,-3.0,right,8474053,Logan,Couture,C,1989-03-28,20152016,7.615773105863909,Joonas Donskoi,"(5.0ft, 10.0ft)",Logan Couture
31895,2016030184_84,2016030184,84,28.0,22.0,Goal,Snap Shot,66.0,-15.0,1,REGULAR,662,538,2017-04-19 02:32:27,0,2,"Logan Couture (1) Snap Shot, assists: Joe Pavelski (2), Brent Burns (1)",66.0,-15.0,left,8474053,Logan,Couture,C,1989-03-28,20162017,27.45906043549196,Joe Pavelski,"(25.0ft, 30.0ft)",Logan Couture
31896,2016030184_213,2016030184,213,28.0,22.0,Goal,Snap Shot,-57.0,10.0,2,REGULAR,772,428,2017-04-19 03:33:13,0,5,"Logan Couture (2) Snap Shot, assists: Jannik Hansen (1), Joel Ward (2)",57.0,-10.0,right,8474053,Logan,Couture,C,1989-03-28,20162017,33.52610922848042,Jannik Hansen,"(30.0ft, 35.0ft)",Logan Couture
31904,2013020089_50,2013020089,50,28.0,19.0,Goal,Snap Shot,-75.0,-23.0,1,REGULAR,577,623,2013-10-16 00:30:22,1,0,"Logan Couture (3) Snap Shot, assists: Patrick Marleau (2), Joe Thornton (6)",75.0,23.0,right,8474053,Logan,Couture,C,1989-03-28,20132014,26.92582403567252,Patrick Marleau,"(25.0ft, 30.0ft)",Logan Couture
31933,2013020621_156,2013020621,156,28.0,22.0,Goal,Wrist Shot,-49.0,-12.0,2,REGULAR,525,675,2014-01-03 04:43:42,0,4,"Logan Couture (13) Wrist Shot, assists: John McCarthy (1)",49.0,12.0,right,8474053,Logan,Couture,C,1989-03-28,20132014,41.7612260356422,John McCarthy,"(40.0ft, 45.0ft)",Logan Couture
31945,2013020889_164,2013020889,164,28.0,4.0,Goal,Snap Shot,-75.0,-3.0,2,REGULAR,647,553,2014-02-28 01:28:05,4,2,"Logan Couture (15) Snap Shot, assists: Patrick Marleau (29), Jason Demers (24)",75.0,3.0,right,8474053,Logan,Couture,C,1989-03-28,20132014,14.317821063276353,Patrick Marleau,"(10.0ft, 15.0ft)",Logan Couture
31946,2013020889_243,2013020889,243,28.0,4.0,Goal,Backhand,77.0,2.0,3,REGULAR,290,910,2014-02-28 02:13:04,7,2,"Logan Couture (16) Backhand, assists: Tommy Wingels (19)",77.0,2.0,left,8474053,Logan,Couture,C,1989-03-28,20132014,12.165525060596439,Tommy Wingels,"(10.0ft, 15.0ft)",Logan Couture
31960,2014021166_9,2014021166,9,28.0,53.0,Goal,Snap Shot,73.0,-18.0,1,REGULAR,58,1142,2015-04-04 02:09:26,0,1,"Logan Couture (27) Snap Shot, assists: Tomas Hertl (18), Patrick Marleau (37)",73.0,-18.0,left,8474053,Logan,Couture,C,1989-03-28,20142015,24.08318915758459,Tomas Hertl,"(20.0ft, 25.0ft)",Logan Couture
31985,2017020454_86,2017020454,86,28.0,9.0,Goal,Wrist Shot,64.0,11.0,1,REGULAR,775,425,2017-12-10 03:31:35,0,1,"Logan Couture (15) Wrist Shot, assists: Kevin Labanc (6), Justin Braun (11)",64.0,11.0,left,8474053,Logan,Couture,C,1989-03-28,20172018,27.313000567495326,Kevin Labanc,"(25.0ft, 30.0ft)",Logan Couture
32000,2013020640_386,2013020640,386,28.0,16.0,Goal,Wrist Shot,76.0,1.0,5,SHOOTOUT,0,300,2014-01-06 03:53:40,2,2,Logan Couture - Wrist Shot,76.0,1.0,,8474053,Logan,Couture,C,1989-03-28,20132014,13.038404810405298,ogan Couture,"(10.0ft, 15.0ft)",Logan Couture
32013,2013020627_250,2013020627,250,28.0,21.0,Goal,Wrist Shot,82.0,4.0,3,REGULAR,344,856,2014-01-04 22:15:02,3,4,"Logan Couture (14) Wrist Shot, assists: Patrick Marleau (22), Scott Hannan (5)",82.0,4.0,left,8474053,Logan,Couture,C,1989-03-28,20132014,8.06225774829855,Patrick Marleau,"(5.0ft, 10.0ft)",Logan Couture
32020,2012020689_323,2012020689,323,28.0,25.0,Goal,Wrist Shot,76.0,10.0,3,REGULAR,893,307,2013-04-24 04:26:40,2,3,"Logan Couture (20) Wrist Shot, assists: Patrick Marleau (14), Justin Braun (7)",76.0,10.0,left,8474053,Logan,Couture,C,1989-03-28,20122013,16.401219466856727,Patrick Marleau,"(15.0ft, 20.0ft)",Logan Couture
32038,2013021152_196,2013021152,196,28.0,26.0,Goal,Wrap-around,-85.0,-3.0,2,REGULAR,733,467,2014-04-04 04:02:34,1,2,"Logan Couture (21) Wrap-around, assists: Patrick Marleau (35), Tommy Wingels (22)",85.0,3.0,right,8474053,Logan,Couture,C,1989-03-28,20132014,5.0,Patrick Marleau,"(5.0ft, 10.0ft)",Logan Couture
32041,2012020631_173,2012020631,173,28.0,27.0,Goal,Wrist Shot,73.0,11.0,2,REGULAR,530,670,2013-04-16 03:18:38,1,0,"Logan Couture (17) Wrist Shot, assists: Jason Demers (1), Patrick Marleau (11)",73.0,11.0,,8474053,Logan,Couture,C,1989-03-28,20122013,19.4164878389476,Jason Demers,"(15.0ft, 20.0ft)",Logan Couture
32066,2013020566_412,2013020566,412,28.0,21.0,Goal,Snap Shot,76.0,1.0,5,SHOOTOUT,0,300,2013-12-24 06:20:58,4,4,Logan Couture - Snap Shot,76.0,1.0,,8474053,Logan,Couture,C,1989-03-28,20132014,13.038404810405298,ogan Couture,"(10.0ft, 15.0ft)",Logan Couture
32092,2012020333_345,2012020333,345,28.0,23.0,Goal,Backhand,81.0,-2.0,5,SHOOTOUT,0,300,2013-03-06 05:48:34,2,2,Logan Couture - Backhand,81.0,-2.0,,8474053,Logan,Couture,C,1989-03-28,20122013,8.246211251235321,ogan Couture,"(5.0ft, 10.0ft)",Logan Couture
32099,2012020516_385,2012020516,385,28.0,27.0,Goal,Wrist Shot,69.0,1.0,5,SHOOTOUT,0,300,2013-03-31 05:16:26,2,2,Logan Couture - Wrist Shot,69.0,1.0,,8474053,Logan,Couture,C,1989-03-28,20122013,20.024984394500787,ogan Couture,"(20.0ft, 25.0ft)",Logan Couture
32123,2014020100_241,2014020100,241,28.0,29.0,Goal,Snap Shot,67.0,4.0,3,REGULAR,503,697,2014-10-24 04:43:14,3,4,"Logan Couture (4) Snap Shot, assists: none",67.0,4.0,left,8474053,Logan,Couture,C,1989-03-28,20142015,22.360679774997898,None,"(20.0ft, 25.0ft)",Logan Couture
32136,2014020067_179,2014020067,179,28.0,1.0,Goal,Wrist Shot,74.0,-1.0,2,REGULAR,1072,128,2014-10-19 00:43:01,2,0,"Logan Couture (1) Wrist Shot, assists: Patrick Marleau (3), Joe Pavelski (2)",74.0,-1.0,left,8474053,Logan,Couture,C,1989-03-28,20142015,15.033296378372908,Patrick Marleau,"(15.0ft, 20.0ft)",Logan Couture
32168,2014020418_183,2014020418,183,28.0,22.0,Goal,Deflected,-68.0,-4.0,2,REGULAR,374,826,2014-12-10 04:44:24,2,3,"Logan Couture (12) Deflected, assists: Scott Hannan (1), Tommy Wingels (12)",68.0,4.0,right,8474053,Logan,Couture,C,1989-03-28,20142015,21.37755832643195,Scott Hannan,"(20.0ft, 25.0ft)",Logan Couture
32214,2017020990_79,2017020990,79,28.0,16.0,Goal,Wrist Shot,82.0,3.0,1,REGULAR,854,346,2018-03-02 03:36:10,1,2,"Logan Couture (27) Wrist Shot, assists: Mikkel Boedker (14), Tomas Hertl (19)",82.0,3.0,left,8474053,Logan,Couture,C,1989-03-28,20172018,7.615773105863909,Mikkel Boedker,"(5.0ft, 10.0ft)",Logan Couture
32223,2017020091_38,2017020091,38,28.0,8.0,Goal,Wrist Shot,81.0,1.0,1,REGULAR,230,970,2017-10-18 02:46:01,0,1,"Logan Couture (2) Wrist Shot, assists: Tomas Hertl (1), Justin Braun (1)",81.0,1.0,left,8474053,Logan,Couture,C,1989-03-28,20172018,8.06225774829855,Tomas Hertl,"(5.0ft, 10.0ft)",Logan Couture
32224,2017020091_193,2017020091,193,28.0,8.0,Goal,Wrist Shot,-71.0,-7.0,2,REGULAR,804,396,2017-10-18 03:57:45,2,4,"Logan Couture (3) Wrist Shot, assists: Joe Pavelski (2), Tim Heed (1)",71.0,7.0,right,8474053,Logan,Couture,C,1989-03-28,20172018,19.313207915827967,Joe Pavelski,"(15.0ft, 20.0ft)",Logan Couture
32238,2017020860_282,2017020860,282,28.0,24.0,Goal,Slap Shot,-53.0,-10.0,3,REGULAR,656,544,2018-02-12 03:18:30,1,2,"Logan Couture (23) Slap Shot, assists: Tomas Hertl (18), Marc-Edouard Vlasic (14)",53.0,10.0,right,8474053,Logan,Couture,C,1989-03-28,20172018,37.36308338453881,Tomas Hertl,"(35.0ft, 40.0ft)",Logan Couture
32274,2015020863_236,2015020863,236,28.0,13.0,Goal,Snap Shot,73.0,-8.0,3,REGULAR,536,664,2016-02-19 02:38:16,1,1,"Logan Couture (6) Snap Shot, assists: Joe Thornton (39), Joe Pavelski (28)",73.0,-8.0,left,8474053,Logan,Couture,C,1989-03-28,20152016,17.88854381999832,Joe Thornton,"(15.0ft, 20.0ft)",Logan Couture
32279,2017020977_196,2017020977,196,28.0,22.0,Goal,Wrist Shot,-73.0,0.0,2,REGULAR,1058,142,2018-02-28 05:05:28,1,4,"Logan Couture (26) Wrist Shot, assists: Mikkel Boedker (13)",73.0,0.0,right,8474053,Logan,Couture,C,1989-03-28,20172018,16.0,Mikkel Boedker,"(15.0ft, 20.0ft)",Logan Couture
32286,2016020994_197,2016020994,197,28.0,15.0,Goal,Wrist Shot,-72.0,-3.0,2,REGULAR,1084,116,2017-03-10 05:09:20,2,3,"Logan Couture (22) Wrist Shot, assists: Brent Burns (42), Patrick Marleau (16)",72.0,3.0,right,8474053,Logan,Couture,C,1989-03-28,20162017,17.26267650163207,Brent Burns,"(15.0ft, 20.0ft)",Logan Couture
32287,2016020994_254,2016020994,254,28.0,15.0,Goal,Deflected,79.0,7.0,3,REGULAR,485,715,2017-03-10 05:45:21,2,4,"Logan Couture (23) Deflected, assists: Brent Burns (43), Joe Pavelski (35)",79.0,7.0,left,8474053,Logan,Couture,C,1989-03-28,20162017,12.206555615733702,Brent Burns,"(10.0ft, 15.0ft)",Logan Couture
32297,2015021148_194,2015021148,194,28.0,23.0,Goal,Wrist Shot,-78.0,1.0,2,REGULAR,1189,11,2016-03-30 03:38:17,2,1,"Logan Couture (11) Wrist Shot, assists: Nick Spaling (9)",78.0,-1.0,right,8474053,Logan,Couture,C,1989-03-28,20152016,11.045361017187261,Nick Spaling,"(10.0ft, 15.0ft)",Logan Couture
32298,2015021148_266,2015021148,266,28.0,23.0,Goal,Wrist Shot,61.0,5.0,3,REGULAR,841,359,2016-03-30 04:23:23,3,1,"Logan Couture (12) Wrist Shot, assists: Joe Pavelski (39), Patrick Marleau (22)",61.0,5.0,left,8474053,Logan,Couture,C,1989-03-28,20152016,28.442925306655784,Joe Pavelski,"(25.0ft, 30.0ft)",Logan Couture
32299,2015021148_294,2015021148,294,28.0,23.0,Goal,Wrist Shot,1.0,-25.0,3,REGULAR,1183,17,2016-03-30 04:35:00,4,1,"Logan Couture (13) Wrist Shot, assists: Brent Burns (44), Dainius Zubrus (4)",1.0,-25.0,left,8474053,Logan,Couture,C,1989-03-28,20152016,91.48223871331527,Brent Burns,"(90.0ft, 95.0ft)",Logan Couture
32344,2016020202_278,2016020202,278,28.0,13.0,Goal,Wrist Shot,37.0,23.0,3,REGULAR,1143,57,2016-11-11 03:04:02,4,2,"Logan Couture (3) Wrist Shot, assists: Justin Braun (1)",37.0,23.0,left,8474053,Logan,Couture,C,1989-03-28,20162017,56.859475903318,Justin Braun,"(55.0ft, 60.0ft)",Logan Couture
32355,2016021032_311,2016021032,311,28.0,7.0,Goal,Deflected,80.0,5.0,3,REGULAR,897,303,2017-03-15 04:52:51,1,4,"Logan Couture (24) Deflected, assists: Joel Ward (19), Patrick Marleau (17)",80.0,5.0,left,8474053,Logan,Couture,C,1989-03-28,20162017,10.295630140987,Joel Ward,"(10.0ft, 15.0ft)",Logan Couture
32361,2017030242_533,2017030242,533,28.0,54.0,Goal,Wrist Shot,78.0,14.0,5,OVERTIME,313,887,2018-04-29 04:19:40,4,3,"Logan Couture (4) Wrist Shot, assists: Kevin Labanc (3), Brent Burns (2)",78.0,14.0,,8474053,Logan,Couture,C,1989-03-28,20172018,17.804493814764857,Kevin Labanc,"(15.0ft, 20.0ft)",Logan Couture
32388,2013020594_51,2013020594,51,28.0,24.0,Goal,Backhand,82.0,-6.0,1,REGULAR,607,593,2013-12-30 03:53:32,0,2,"Logan Couture (11) Backhand, assists: Brent Burns (11), Jason Demers (14)",82.0,-6.0,left,8474053,Logan,Couture,C,1989-03-28,20132014,9.219544457292887,Brent Burns,"(5.0ft, 10.0ft)",Logan Couture
32400,2013021101_169,2013021101,169,28.0,52.0,Goal,Tip-In,-83.0,-6.0,2,REGULAR,683,517,2014-03-28 03:50:41,3,3,"Logan Couture (20) Tip-In, assists: James Sheppard (15), Martin Havlat (9)",83.0,6.0,right,8474053,Logan,Couture,C,1989-03-28,20132014,8.48528137423857,James Sheppard,"(5.0ft, 10.0ft)",Logan Couture
32448,2016020721_122,2016020721,122,28.0,52.0,Goal,Wrist Shot,-85.0,-3.0,2,REGULAR,27,1173,2017-01-25 02:07:23,2,1,"Logan Couture (16) Wrist Shot, assists: Mikkel Boedker (10), Marc-Edouard Vlasic (13)",85.0,3.0,right,8474053,Logan,Couture,C,1989-03-28,20162017,5.0,Mikkel Boedker,"(5.0ft, 10.0ft)",Logan Couture
32455,2017020438_273,2017020438,273,28.0,12.0,Goal,Slap Shot,68.0,-25.0,3,REGULAR,511,689,2017-12-08 05:37:33,4,3,"Logan Couture (14) Slap Shot, assists: Brent Burns (12), Joe Thornton (13)",68.0,-25.0,left,8474053,Logan,Couture,C,1989-03-28,20172018,32.64965543462902,Brent Burns,"(30.0ft, 35.0ft)",Logan Couture
32487,2017021145_333,2017021145,333,28.0,54.0,Goal,Backhand,-72.0,1.0,4,OVERTIME,39,261,2018-03-23 04:43:29,1,2,"Logan Couture (31) Backhand, assists: Marc-Edouard Vlasic (21), Tomas Hertl (23)",72.0,-1.0,right,8474053,Logan,Couture,C,1989-03-28,20172018,17.029386365926403,Marc-Edouard Vlasic,"(15.0ft, 20.0ft)",Logan Couture
32517,2016020282_186,2016020282,186,28.0,1.0,Goal,Wrist Shot,-70.0,-3.0,2,REGULAR,633,567,2016-11-22 04:51:01,0,3,"Logan Couture (5) Wrist Shot, assists: Joe Thornton (11), Brent Burns (9)",70.0,3.0,right,8474053,Logan,Couture,C,1989-03-28,20162017,19.235384061671343,Joe Thornton,"(15.0ft, 20.0ft)",Logan Couture
32526,2016020618_248,2016020618,248,28.0,22.0,Goal,Backhand,-84.0,1.0,3,REGULAR,306,894,2017-01-11 04:05:33,5,3,"Logan Couture (13) Backhand, assists: none",84.0,-1.0,right,8474053,Logan,Couture,C,1989-03-28,20162017,5.0990195135927845,None,"(5.0ft, 10.0ft)",Logan Couture
32596,2014021053_166,2014021053,166,28.0,10.0,Goal,Wrist Shot,-77.0,9.0,2,REGULAR,126,1074,2015-03-20 00:41:50,2,0,"Logan Couture (23) Wrist Shot, assists: Brent Burns (36), Joe Thornton (47)",77.0,-9.0,right,8474053,Logan,Couture,C,1989-03-28,20142015,15.0,Brent Burns,"(15.0ft, 20.0ft)",Logan Couture
32609,2014020783_241,2014020783,241,28.0,12.0,Goal,Slap Shot,51.0,-23.0,3,REGULAR,229,971,2015-02-08 05:29:25,3,3,"Logan Couture (19) Slap Shot, assists: Matt Tennyson (6), Patrick Marleau (28)",51.0,-23.0,left,8474053,Logan,Couture,C,1989-03-28,20142015,44.41846462902562,Matt Tennyson,"(40.0ft, 45.0ft)",Logan Couture
32623,2013020031_386,2013020031,386,28.0,27.0,Goal,Wrist Shot,86.0,-4.0,3,REGULAR,1175,25,2013-10-06 05:11:31,1,4,"Logan Couture (1) Wrist Shot, assists: Joe Pavelski (2)",86.0,-4.0,left,8474053,Logan,Couture,C,1989-03-28,20132014,5.0,Joe Pavelski,"(5.0ft, 10.0ft)",Logan Couture
32640,2017021107_93,2017021107,93,28.0,23.0,Goal,Snap Shot,79.0,2.0,1,REGULAR,968,232,2018-03-18 02:41:29,2,1,"Logan Couture (29) Snap Shot, assists: Tomas Hertl (22), Mikkel Boedker (18)",79.0,2.0,left,8474053,Logan,Couture,C,1989-03-28,20172018,10.198039027185569,Tomas Hertl,"(10.0ft, 15.0ft)",Logan Couture
32671,2017021252_244,2017021252,244,28.0,21.0,Goal,Wrist Shot,63.0,18.0,3,REGULAR,360,840,2018-04-06 04:33:05,1,2,"Logan Couture (34) Wrist Shot, assists: Kevin Labanc (29), Joe Pavelski (44)",63.0,18.0,left,8474053,Logan,Couture,C,1989-03-28,20172018,31.622776601683793,Kevin Labanc,"(30.0ft, 35.0ft)",Logan Couture
32686,2017020357_129,2017020357,129,28.0,52.0,Goal,Wrist Shot,78.0,7.0,1,REGULAR,1184,16,2017-11-26 03:44:35,0,2,"Logan Couture (12) Wrist Shot, assists: Justin Braun (8), Marc-Edouard Vlasic (5)",78.0,7.0,left,8474053,Logan,Couture,C,1989-03-28,20172018,13.038404810405298,Justin Braun,"(10.0ft, 15.0ft)",Logan Couture
32687,2017020357_208,2017020357,208,28.0,52.0,Goal,Backhand,-84.0,7.0,2,REGULAR,793,407,2017-11-26 04:27:34,0,3,"Logan Couture (13) Backhand, assists: Tomas Hertl (9), Marc-Edouard Vlasic (6)",84.0,-7.0,right,8474053,Logan,Couture,C,1989-03-28,20172018,8.602325267042627,Tomas Hertl,"(5.0ft, 10.0ft)",Logan Couture
32690,2017020260_211,2017020260,211,28.0,23.0,Goal,Backhand,-81.0,1.0,2,REGULAR,959,241,2017-11-12 04:33:25,0,2,"Logan Couture (9) Backhand, assists: Tomas Hertl (5)",81.0,-1.0,right,8474053,Logan,Couture,C,1989-03-28,20172018,8.06225774829855,Tomas Hertl,"(5.0ft, 10.0ft)",Logan Couture
32691,2017020260_343,2017020260,343,28.0,23.0,Goal,Wrist Shot,4.0,27.0,3,REGULAR,1099,101,2017-11-12 05:29:29,0,3,"Logan Couture (10) Wrist Shot, assists: Joel Ward (1), Tomas Hertl (6)",4.0,27.0,left,8474053,Logan,Couture,C,1989-03-28,20172018,89.1852005660132,Joel Ward,"(85.0ft, 90.0ft)",Logan Couture
32695,2016020911_287,2016020911,287,28.0,23.0,Goal,Wrist Shot,67.0,22.0,3,REGULAR,860,340,2017-02-26 05:27:34,4,1,"Logan Couture (20) Wrist Shot, assists: Brent Burns (38), Joe Pavelski (33)",67.0,22.0,left,8474053,Logan,Couture,C,1989-03-28,20162017,31.11269837220809,Brent Burns,"(30.0ft, 35.0ft)",Logan Couture
32701,2013020273_15,2013020273,15,28.0,20.0,Goal,Wrist Shot,61.0,9.0,1,REGULAR,92,1108,2013-11-13 02:10:57,1,0,"Logan Couture (8) Wrist Shot, assists: Patrick Marleau (9), Tyler Kennedy (5)",61.0,9.0,left,8474053,Logan,Couture,C,1989-03-28,20132014,29.410882339705484,Patrick Marleau,"(25.0ft, 30.0ft)",Logan Couture
32706,2012030171_225,2012030171,225,28.0,23.0,Goal,Wrist Shot,-44.0,-12.0,2,REGULAR,995,205,2013-05-02 04:10:24,1,1,"Logan Couture (1) Wrist Shot, assists: Dan Boyle (1), Joe Pavelski (1)",44.0,12.0,right,8474053,Logan,Couture,C,1989-03-28,20122013,46.57252408878007,Dan Boyle,"(45.0ft, 50.0ft)",Logan Couture
32710,2015030246_258,2015030246,258,28.0,18.0,Goal,Wrist Shot,-69.0,-22.0,3,REGULAR,604,596,2016-05-10 03:19:14,3,2,"Logan Couture (6) Wrist Shot, assists: Brent Burns (11), Joe Thornton (7)",69.0,22.0,right,8474053,Logan,Couture,C,1989-03-28,20152016,29.732137494637012,Brent Burns,"(25.0ft, 30.0ft)",Logan Couture
32717,2013021016_84,2013021016,84,28.0,3.0,Goal,Backhand,81.0,-5.0,1,REGULAR,708,492,2014-03-16 20:31:35,1,0,"Logan Couture (19) Backhand, assists: none",81.0,-5.0,left,8474053,Logan,Couture,C,1989-03-28,20132014,9.433981132056603,None,"(5.0ft, 10.0ft)",Logan Couture
32720,2012020441_372,2012020441,372,28.0,22.0,Goal,Snap Shot,67.0,-2.0,5,SHOOTOUT,0,300,2013-03-21 04:30:29,3,3,Logan Couture - Snap Shot,67.0,-2.0,,8474053,Logan,Couture,C,1989-03-28,20122013,22.090722034374522,ogan Couture,"(20.0ft, 25.0ft)",Logan Couture
32727,2013020157_131,2013020157,131,28.0,8.0,Goal,Tip-In,-81.0,-2.0,2,REGULAR,380,820,2013-10-27 00:17:55,1,0,"Logan Couture (5) Tip-In, assists: Joe Thornton (11), Patrick Marleau (5)",81.0,2.0,right,8474053,Logan,Couture,C,1989-03-28,20132014,8.246211251235321,Joe Thornton,"(5.0ft, 10.0ft)",Logan Couture
32728,2013020157_225,2013020157,225,28.0,8.0,Goal,Backhand,76.0,-1.0,3,REGULAR,249,951,2013-10-27 01:10:27,2,0,"Logan Couture (6) Backhand, assists: Patrick Marleau (6), Tyler Kennedy (3)",76.0,-1.0,left,8474053,Logan,Couture,C,1989-03-28,20132014,13.038404810405298,Patrick Marleau,"(10.0ft, 15.0ft)",Logan Couture
32729,2013020962_214,2013020962,214,28.0,8.0,Goal,Backhand,80.0,-1.0,3,REGULAR,43,1157,2014-03-09 04:03:54,0,4,"Logan Couture (18) Backhand, assists: Matt Nieto (10)",80.0,-1.0,left,8474053,Logan,Couture,C,1989-03-28,20132014,9.055385138137417,Matt Nieto,"(5.0ft, 10.0ft)",Logan Couture
32733,2013020913_89,2013020913,89,28.0,1.0,Goal,Wrist Shot,86.0,-7.0,2,REGULAR,206,994,2014-03-02 21:01:36,1,0,"Logan Couture (17) Wrist Shot, assists: Patrick Marleau (30), Jason Demers (25)",86.0,-7.0,left,8474053,Logan,Couture,C,1989-03-28,20132014,7.615773105863909,Patrick Marleau,"(5.0ft, 10.0ft)",Logan Couture
32739,2012020530_166,2012020530,166,28.0,23.0,Goal,Wrist Shot,-77.0,-4.0,2,REGULAR,594,606,2013-04-02 03:48:01,0,3,"Logan Couture (15) Wrist Shot, assists: Patrick Marleau (10), Joe Thornton (27)",77.0,4.0,right,8474053,Logan,Couture,C,1989-03-28,20122013,12.649110640673518,Patrick Marleau,"(10.0ft, 15.0ft)",Logan Couture
32744,2017020004_230,2017020004,230,28.0,4.0,Goal,Backhand,91.0,-12.0,3,REGULAR,192,1008,2017-10-05 04:42:36,3,3,"Logan Couture (1) Backhand, assists: Joe Thornton (1), Brent Burns (1)",91.0,-12.0,left,8474053,Logan,Couture,C,1989-03-28,20172018,12.165525060596439,Joe Thornton,"(10.0ft, 15.0ft)",Logan Couture
32752,2017020790_40,2017020790,40,28.0,29.0,Goal,Wrist Shot,-42.0,23.0,1,REGULAR,307,893,2018-02-03 00:18:42,1,0,"Logan Couture (22) Wrist Shot, assists: Kevin Labanc (22), Tomas Hertl (18)",42.0,-23.0,right,8474053,Logan,Couture,C,1989-03-28,20172018,52.32590180780452,Kevin Labanc,"(50.0ft, 55.0ft)",Logan Couture
32766,2012020373_312,2012020373,312,28.0,21.0,Goal,Slap Shot,46.0,6.0,3,REGULAR,995,205,2013-03-11 02:32:06,2,2,"Logan Couture (10) Slap Shot, assists: Joe Thornton (19)",46.0,6.0,left,8474053,Logan,Couture,C,1989-03-28,20122013,43.41658669218482,Joe Thornton,"(40.0ft, 45.0ft)",Logan Couture
32771,2014020401_147,2014020401,147,28.0,20.0,Goal,Backhand,-76.0,10.0,2,REGULAR,154,1046,2014-12-07 04:08:59,2,1,"Logan Couture (11) Backhand, assists: John Scott (1), Justin Braun (9)",76.0,-10.0,right,8474053,Logan,Couture,C,1989-03-28,20142015,16.401219466856727,John Scott,"(15.0ft, 20.0ft)",Logan Couture
32776,2014020473_139,2014020473,139,28.0,22.0,Goal,Snap Shot,-69.0,9.0,2,REGULAR,456,744,2014-12-19 04:39:38,1,2,"Logan Couture (13) Snap Shot, assists: Brenden Dillon (4)",69.0,-9.0,right,8474053,Logan,Couture,C,1989-03-28,20142015,21.93171219946131,Brenden Dillon,"(20.0ft, 25.0ft)",Logan Couture
32783,2014020145_324,2014020145,324,28.0,30.0,Goal,Wrist Shot,65.0,1.0,5,SHOOTOUT,0,300,2014-10-31 02:55:13,3,3,Logan Couture - Wrist Shot,65.0,1.0,,8474053,Logan,Couture,C,1989-03-28,20142015,24.020824298928627,ogan Couture,"(20.0ft, 25.0ft)",Logan Couture
32792,2014021152_298,2014021152,298,28.0,21.0,Goal,Wrist Shot,3.0,33.0,3,REGULAR,955,245,2015-04-02 05:00:58,1,4,"Logan Couture (26) Wrist Shot, assists: Melker Karlsson (10), Brent Burns (42)",3.0,33.0,left,8474053,Logan,Couture,C,1989-03-28,20142015,92.11405973031478,Melker Karlsson,"(90.0ft, 95.0ft)",Logan Couture
32798,2014020951_36,2014020951,36,28.0,23.0,Goal,Wrist Shot,65.0,9.0,1,REGULAR,465,735,2015-03-04 03:20:19,3,0,"Logan Couture (22) Wrist Shot, assists: Matt Nieto (14), Patrick Marleau (32)",65.0,9.0,left,8474053,Logan,Couture,C,1989-03-28,20142015,25.632011235952593,Matt Nieto,"(25.0ft, 30.0ft)",Logan Couture
32806,2014020290_175,2014020290,175,28.0,13.0,Goal,Wrist Shot,-76.0,-6.0,2,REGULAR,379,821,2014-11-21 04:43:43,1,1,"Logan Couture (8) Wrist Shot, assists: Joe Pavelski (10), Patrick Marleau (12)",76.0,6.0,right,8474053,Logan,Couture,C,1989-03-28,20142015,14.317821063276353,Joe Pavelski,"(10.0ft, 15.0ft)",Logan Couture
32807,2014020290_392,2014020290,392,28.0,13.0,Goal,Wrist Shot,68.0,-8.0,5,SHOOTOUT,0,300,2014-11-21 06:27:56,2,2,Logan Couture - Wrist Shot,68.0,-8.0,,8474053,Logan,Couture,C,1989-03-28,20142015,22.47220505424423,ogan Couture,"(20.0ft, 25.0ft)",Logan Couture
32813,2016020684_208,2016020684,208,28.0,14.0,Goal,Wrist Shot,81.0,-6.0,3,REGULAR,22,1178,2017-01-20 05:22:16,1,2,"Logan Couture (15) Wrist Shot, assists: Kevin Labanc (6), Joonas Donskoi (9)",81.0,-6.0,left,8474053,Logan,Couture,C,1989-03-28,20162017,10.0,Kevin Labanc,"(10.0ft, 15.0ft)",Logan Couture
32816,2017020923_146,2017020923,146,28.0,19.0,Goal,Wrist Shot,85.0,-8.0,2,REGULAR,395,805,2018-02-21 02:15:24,1,0,"Logan Couture (24) Wrist Shot, assists: Mikkel Boedker (12), Justin Braun (23)",85.0,-8.0,left,8474053,Logan,Couture,C,1989-03-28,20172018,8.94427190999916,Mikkel Boedker,"(5.0ft, 10.0ft)",Logan Couture
32821,2017020155_280,2017020155,280,28.0,7.0,Goal,Wrist Shot,-75.0,-23.0,3,REGULAR,968,232,2017-10-28 19:30:38,3,2,"Logan Couture (8) Wrist Shot, assists: Tomas Hertl (4), Justin Braun (4)",75.0,23.0,right,8474053,Logan,Couture,C,1989-03-28,20172018,26.92582403567252,Tomas Hertl,"(25.0ft, 30.0ft)",Logan Couture
32826,2017021237_61,2017021237,61,28.0,25.0,Goal,Wrist Shot,51.0,20.0,1,REGULAR,561,639,2018-04-04 02:56:02,0,1,"Logan Couture (33) Wrist Shot, assists: Brent Burns (53), Tomas Hertl (24)",51.0,20.0,left,8474053,Logan,Couture,C,1989-03-28,20172018,42.941821107167776,Brent Burns,"(40.0ft, 45.0ft)",Logan Couture
32832,2015021195_22,2015021195,22,28.0,30.0,Goal,Backhand,74.0,4.0,1,REGULAR,283,917,2016-04-06 00:13:57,1,0,"Logan Couture (15) Backhand, assists: Brenden Dillon (8), Joonas Donskoi (25)",74.0,4.0,left,8474053,Logan,Couture,C,1989-03-28,20152016,15.524174696260024,Brenden Dillon,"(15.0ft, 20.0ft)",Logan Couture
32835,2015021161_311,2015021161,311,28.0,23.0,Goal,Snap Shot,82.0,8.0,3,REGULAR,658,542,2016-04-01 04:49:25,2,2,"Logan Couture (14) Snap Shot, assists: Joonas Donskoi (24), Brent Burns (46)",82.0,8.0,left,8474053,Logan,Couture,C,1989-03-28,20152016,10.63014581273465,Joonas Donskoi,"(10.0ft, 15.0ft)",Logan Couture
32841,2016020740_29,2016020740,29,28.0,22.0,Goal,Wrist Shot,73.0,6.0,1,REGULAR,245,955,2017-01-27 03:42:56,0,1,"Logan Couture (17) Wrist Shot, assists: Mikkel Boedker (11), Patrick Marleau (9)",73.0,6.0,left,8474053,Logan,Couture,C,1989-03-28,20162017,17.08800749063506,Mikkel Boedker,"(15.0ft, 20.0ft)",Logan Couture
32846,2016020249_30,2016020249,30,28.0,19.0,Goal,Wrist Shot,-72.0,-11.0,1,REGULAR,376,824,2016-11-18 01:19:22,1,0,"Logan Couture (4) Wrist Shot, assists: Joonas Donskoi (5), Joel Ward (3)",72.0,11.0,right,8474053,Logan,Couture,C,1989-03-28,20162017,20.248456731316587,Joonas Donskoi,"(20.0ft, 25.0ft)",Logan Couture
32851,2016020945_178,2016020945,178,28.0,23.0,Goal,Snap Shot,-68.0,3.0,2,REGULAR,829,371,2017-03-03 04:58:07,1,3,"Logan Couture (21) Snap Shot, assists: Patrick Marleau (15), Brent Burns (40)",68.0,-3.0,right,8474053,Logan,Couture,C,1989-03-28,20162017,21.213203435596427,Patrick Marleau,"(20.0ft, 25.0ft)",Logan Couture
