,play_id,game_id,play_num,team_id_for,team_id_against,event,secondaryType,x,y,period,periodType,periodTime,periodTimeRemaining,dateTime,goals_away,goals_home,description,st_x,st_y,rink_side,player_id,firstName,lastName,primaryPosition,birthDate
9027,2012030131_155,2012030131,155,15.0,3.0,Goal,Wrist Shot,79.0,3.0,2,REGULAR,419,781,2013-05-03 00:46:14,1,1,"Alex Ovechkin (1) Wrist Shot, assists: Mike Green (1), Nicklas Backstrom (1)",79.0,3.0,left,8471214,Alex,Ovechkin,LW,1985-09-17
9028,2015030132_226,2015030132,226,15.0,4.0,Goal,Slap Shot,60.0,20.0,2,REGULAR,1041,159,2016-04-17 00:48:04,1,3,"Alex Ovechkin (1) Slap Shot, assists: Nicklas Backstrom (3), Marcus Johansson (4)",60.0,20.0,left,8471214,Alex,Ovechkin,LW,1985-09-17
9029,2015030133_182,2015030133,182,15.0,4.0,Goal,Snap Shot,-46.0,15.0,2,REGULAR,530,670,2016-04-19 00:24:20,2,1,"Alex Ovechkin (2) Snap Shot, assists: Nicklas Backstrom (5), T.J. Oshie (2)",46.0,-15.0,right,8471214,Alex,Ovechkin,LW,1985-09-17
9030,2015030133_336,2015030133,336,15.0,4.0,Goal,Slap Shot,54.0,21.0,3,REGULAR,898,302,2016-04-19 01:40:05,5,1,"Alex Ovechkin (3) Slap Shot, assists: John Carlson (3), T.J. Oshie (3)",54.0,21.0,left,8471214,Alex,Ovechkin,LW,1985-09-17
9031,2015030223_299,2015030223,299,15.0,5.0,Goal,Wrist Shot,-52.0,-25.0,3,REGULAR,482,718,2016-05-03 02:16:31,1,3,"Alex Ovechkin (4) Wrist Shot, assists: Matt Niskanen (3), Nicklas Backstrom (6)",52.0,25.0,right,8471214,Alex,Ovechkin,LW,1985-09-17
9032,2015030225_31,2015030225,31,15.0,5.0,Goal,Slap Shot,-49.0,-10.0,1,REGULAR,244,956,2016-05-07 23:32:03,0,1,"Alex Ovechkin (5) Slap Shot, assists: Nicklas Backstrom (7), T.J. Oshie (4)",49.0,10.0,right,8471214,Alex,Ovechkin,LW,1985-09-17
9033,2014030221_112,2014030221,112,15.0,3.0,Goal,Snap Shot,52.0,25.0,1,REGULAR,1093,107,2015-05-01 00:16:47,1,0,"Alex Ovechkin (3) Snap Shot, assists: John Carlson (4), Braden Holtby (1)",52.0,25.0,left,8471214,Alex,Ovechkin,LW,1985-09-17
9034,2014030222_304,2014030222,304,15.0,3.0,Goal,Snap Shot,71.0,-16.0,3,REGULAR,629,571,2015-05-02 18:52:43,2,3,"Alex Ovechkin (4) Snap Shot, assists: Joel Ward (4), Brooks Orpik (2)",71.0,-16.0,left,8471214,Alex,Ovechkin,LW,1985-09-17
9035,2014030227_91,2014030227,91,15.0,3.0,Goal,Snap Shot,75.0,-2.0,1,REGULAR,770,430,2015-05-14 00:08:51,1,0,"Alex Ovechkin (5) Snap Shot, assists: Marcus Johansson (3), Nicklas Backstrom (5)",75.0,-2.0,left,8471214,Alex,Ovechkin,LW,1985-09-17
9036,2016030132_141,2016030132,141,15.0,10.0,Goal,Wrist Shot,68.0,21.0,2,REGULAR,227,973,2017-04-16 00:16:47,1,1,"Alex Ovechkin (1) Wrist Shot, assists: T.J. Oshie (2), Marcus Johansson (1)",68.0,21.0,left,8471214,Alex,Ovechkin,LW,1985-09-17
9037,2016030133_36,2016030133,36,15.0,10.0,Goal,Snap Shot,69.0,12.0,1,REGULAR,289,911,2017-04-17 23:19:51,2,0,"Alex Ovechkin (2) Snap Shot, assists: Nicklas Backstrom (1), T.J. Oshie (4)",69.0,12.0,left,8471214,Alex,Ovechkin,LW,1985-09-17
9038,2016030134_42,2016030134,42,15.0,10.0,Goal,Slap Shot,66.0,22.0,1,REGULAR,274,926,2017-04-19 23:19:12,2,0,"Alex Ovechkin (3) Slap Shot, assists: Kevin Shattenkirk (2)",66.0,22.0,left,8471214,Alex,Ovechkin,LW,1985-09-17
9039,2014030142_215,2014030142,215,15.0,2.0,Goal,Wrist Shot,76.0,10.0,2,REGULAR,969,231,2015-04-18 00:33:03,3,2,"Alex Ovechkin (1) Wrist Shot, assists: Matt Niskanen (1), Nicklas Backstrom (2)",76.0,10.0,left,8471214,Alex,Ovechkin,LW,1985-09-17
9040,2014030144_100,2014030144,100,15.0,2.0,Goal,Tip-In,34.0,-25.0,1,REGULAR,786,414,2015-04-22 00:05:21,1,0,"Alex Ovechkin (2) Tip-In, assists: John Carlson (2), Nicklas Backstrom (3)",-34.0,25.0,right,8471214,Alex,Ovechkin,LW,1985-09-17
9041,2016030221_200,2016030221,200,15.0,5.0,Goal,Wrist Shot,54.0,13.0,2,REGULAR,1097,103,2017-04-28 01:12:20,2,1,"Alex Ovechkin (4) Wrist Shot, assists: Lars Eller (3), T.J. Oshie (5)",54.0,13.0,left,8471214,Alex,Ovechkin,LW,1985-09-17
9042,2017030311_103,2017030311,103,15.0,14.0,Goal,Slap Shot,-42.0,-3.0,1,REGULAR,1194,6,2018-05-12 00:53:22,2,0,"Alex Ovechkin (9) Slap Shot, assists: Evgeny Kuznetsov (9), T.J. Oshie (4)",42.0,3.0,right,8471214,Alex,Ovechkin,LW,1985-09-17
9043,2017030312_264,2017030312,264,15.0,14.0,Goal,Wrist Shot,-68.0,-12.0,3,REGULAR,214,986,2018-05-14 02:20:48,5,2,"Alex Ovechkin (10) Wrist Shot, assists: Evgeny Kuznetsov (11), Tom Wilson (6)",68.0,12.0,right,8471214,Alex,Ovechkin,LW,1985-09-17
9044,2017030315_292,2017030315,292,15.0,14.0,Goal,Slap Shot,-42.0,-20.0,3,REGULAR,1104,96,2018-05-20 01:48:48,2,3,"Alex Ovechkin (11) Slap Shot, assists: John Carlson (12), Lars Eller (8)",42.0,20.0,right,8471214,Alex,Ovechkin,LW,1985-09-17
9045,2017030317_6,2017030317,6,15.0,14.0,Goal,Slap Shot,-41.0,-22.0,1,REGULAR,62,1138,2018-05-24 00:17:28,1,0,"Alex Ovechkin (12) Slap Shot, assists: Evgeny Kuznetsov (13), Tom Wilson (8)",41.0,22.0,right,8471214,Alex,Ovechkin,LW,1985-09-17
9046,2017030132_98,2017030132,98,15.0,29.0,Goal,Wrist Shot,-57.0,-19.0,1,REGULAR,806,394,2018-04-16 00:11:03,0,2,"Alex Ovechkin (1) Wrist Shot, assists: John Carlson (4), T.J. Oshie (1)",57.0,19.0,right,8471214,Alex,Ovechkin,LW,1985-09-17
9047,2017030132_188,2017030132,188,15.0,29.0,Goal,Snap Shot,81.0,24.0,2,REGULAR,249,951,2018-04-16 00:56:19,1,3,"Alex Ovechkin (2) Snap Shot, assists: Nicklas Backstrom (3), John Carlson (5)",81.0,24.0,left,8471214,Alex,Ovechkin,LW,1985-09-17
9048,2017030134_222,2017030134,222,15.0,29.0,Goal,Wrist Shot,-64.0,9.0,3,REGULAR,169,1031,2018-04-20 01:35:15,3,0,"Alex Ovechkin (3) Wrist Shot, assists: Evgeny Kuznetsov (3), Tom Wilson (1)",64.0,-9.0,right,8471214,Alex,Ovechkin,LW,1985-09-17
9049,2017030136_163,2017030136,163,15.0,29.0,Goal,Backhand,76.0,1.0,2,REGULAR,770,430,2018-04-24 00:53:00,2,1,"Alex Ovechkin (4) Backhand, assists: Brooks Orpik (2), Christian Djoos (1)",76.0,1.0,left,8471214,Alex,Ovechkin,LW,1985-09-17
9050,2017030136_190,2017030136,190,15.0,29.0,Goal,Slap Shot,59.0,23.0,2,REGULAR,1103,97,2018-04-24 01:06:30,3,1,"Alex Ovechkin (5) Slap Shot, assists: John Carlson (8), Evgeny Kuznetsov (4)",59.0,23.0,left,8471214,Alex,Ovechkin,LW,1985-09-17
9051,2017030412_170,2017030412,170,15.0,54.0,Goal,Snap Shot,-81.0,-14.0,2,REGULAR,338,862,2018-05-31 01:31:29,2,1,"Alex Ovechkin (13) Snap Shot, assists: Lars Eller (10), Nicklas Backstrom (14)",-81.0,-14.0,,8471214,Alex,Ovechkin,LW,1985-09-17
9052,2017030413_153,2017030413,153,15.0,54.0,Goal,Backhand,79.0,5.0,2,REGULAR,70,1130,2018-06-03 01:22:43,0,1,"Alex Ovechkin (14) Backhand, assists: John Carlson (14), Evgeny Kuznetsov (15)",79.0,5.0,left,8471214,Alex,Ovechkin,LW,1985-09-17
9053,2017030415_161,2017030415,161,15.0,54.0,Goal,Slap Shot,-82.0,-26.0,2,REGULAR,614,586,2018-06-08 01:33:50,2,1,"Alex Ovechkin (15) Slap Shot, assists: Nicklas Backstrom (18), John Carlson (15)",-82.0,-26.0,,8471214,Alex,Ovechkin,LW,1985-09-17
9054,2017030221_246,2017030221,246,15.0,5.0,Goal,Snap Shot,-59.0,-17.0,3,REGULAR,28,1172,2018-04-27 01:01:20,0,2,"Alex Ovechkin (6) Snap Shot, assists: Tom Wilson (3), Dmitry Orlov (3)",59.0,17.0,right,8471214,Alex,Ovechkin,LW,1985-09-17
9055,2017030222_14,2017030222,14,15.0,5.0,Goal,Wrist Shot,-50.0,-8.0,1,REGULAR,86,1114,2018-04-29 19:22:57,0,1,"Alex Ovechkin (7) Wrist Shot, assists: none",50.0,8.0,right,8471214,Alex,Ovechkin,LW,1985-09-17
9056,2017030223_334,2017030223,334,15.0,5.0,Goal,Wrist Shot,-78.0,1.0,3,REGULAR,1133,67,2018-05-02 02:15:23,4,3,"Alex Ovechkin (8) Wrist Shot, assists: Nicklas Backstrom (9)",78.0,-1.0,right,8471214,Alex,Ovechkin,LW,1985-09-17
9057,2013021036_262,2013021036,262,15.0,24.0,Goal,Slap Shot,-76.0,-18.0,3,REGULAR,164,1036,2014-03-19 04:05:32,3,2,"Alex Ovechkin (46) Slap Shot, assists: John Carlson (21), Nicklas Backstrom (55)",76.0,18.0,right,8471214,Alex,Ovechkin,LW,1985-09-17
9058,2012020511_116,2012020511,116,15.0,7.0,Goal,Wrist Shot,57.0,30.0,2,REGULAR,141,1059,2013-03-31 00:00:00,1,2,"Alex Ovechkin (17) Wrist Shot, assists: Mike Green (6), Brooks Laich (2)",57.0,30.0,left,8471214,Alex,Ovechkin,LW,1985-09-17
9059,2012020511_316,2012020511,316,15.0,7.0,Goal,Wrist Shot,-70.0,1.0,5,SHOOTOUT,0,300,2013-03-31 00:00:00,3,3,Alex Ovechkin - Wrist Shot,-70.0,1.0,,8471214,Alex,Ovechkin,LW,1985-09-17
9060,2012020065_211,2012020065,211,15.0,7.0,Goal,Slap Shot,-68.0,-21.0,3,REGULAR,311,889,2013-01-27 21:59:21,1,3,"Alex Ovechkin (1) Slap Shot, assists: Mike Green (2), Mike Ribeiro (5)",68.0,21.0,right,8471214,Alex,Ovechkin,LW,1985-09-17
9061,2012020182_301,2012020182,301,15.0,13.0,Goal,Slap Shot,51.0,18.0,3,REGULAR,1031,169,2013-02-13 03:03:11,5,5,"Alex Ovechkin (5) Slap Shot, assists: Mike Ribeiro (12), Nicklas Backstrom (8)",51.0,18.0,left,8471214,Alex,Ovechkin,LW,1985-09-17
9062,2012020521_253,2012020521,253,15.0,4.0,Goal,Slap Shot,67.0,20.0,3,REGULAR,408,792,2013-04-01 00:10:28,4,2,"Alex Ovechkin (18) Slap Shot, assists: John Carlson (12), Troy Brouwer (13)",67.0,20.0,left,8471214,Alex,Ovechkin,LW,1985-09-17
9063,2013020859_291,2013020859,291,15.0,52.0,Goal,Backhand,-78.0,0.0,3,REGULAR,466,734,2014-02-07 02:12:12,2,3,"Alex Ovechkin (40) Backhand, assists: Nicklas Backstrom (43), Karl Alzner (11)",78.0,0.0,right,8471214,Alex,Ovechkin,LW,1985-09-17
9064,2014021154_196,2014021154,196,15.0,8.0,Goal,Wrist Shot,-63.0,-14.0,2,REGULAR,848,352,2015-04-03 01:03:39,2,1,"Alex Ovechkin (51) Wrist Shot, assists: John Carlson (38), Braden Holtby (2)",63.0,14.0,right,8471214,Alex,Ovechkin,LW,1985-09-17
9065,2014021154_294,2014021154,294,15.0,8.0,Goal,Wrist Shot,78.0,17.0,3,REGULAR,666,534,2015-04-03 01:58:37,3,3,"Alex Ovechkin (52) Wrist Shot, assists: John Carlson (39), Nicklas Backstrom (56)",78.0,17.0,left,8471214,Alex,Ovechkin,LW,1985-09-17
9066,2014020906_315,2014020906,315,15.0,5.0,Goal,Slap Shot,-36.0,-7.0,3,REGULAR,986,214,2015-02-26 03:40:53,4,3,"Alex Ovechkin (39) Slap Shot, assists: John Carlson (33), Troy Brouwer (14)",36.0,7.0,right,8471214,Alex,Ovechkin,LW,1985-09-17
9067,2016020610_320,2016020610,320,15.0,8.0,Goal,Snap Shot,48.0,19.0,3,REGULAR,996,204,2017-01-10 03:05:18,4,1,"Alex Ovechkin (19) Snap Shot, assists: Nicklas Backstrom (24), Marcus Johansson (15)",48.0,19.0,left,8471214,Alex,Ovechkin,LW,1985-09-17
9068,2017021170_43,2017021170,43,15.0,3.0,Goal,Slap Shot,61.0,18.0,1,REGULAR,534,666,2018-03-26 23:57:19,3,0,"Alex Ovechkin (45) Slap Shot, assists: John Carlson (49), Nicklas Backstrom (44)",61.0,18.0,left,8471214,Alex,Ovechkin,LW,1985-09-17
9069,2017020058_154,2017020058,154,15.0,1.0,Goal,Wrist Shot,60.0,21.0,2,REGULAR,481,719,2017-10-14 00:16:27,2,0,"Alex Ovechkin (9) Wrist Shot, assists: Nicklas Backstrom (7), John Carlson (3)",60.0,21.0,left,8471214,Alex,Ovechkin,LW,1985-09-17
9070,2013020902_86,2013020902,86,15.0,6.0,Goal,Slap Shot,-54.0,-27.0,1,REGULAR,1119,81,2014-03-01 18:40:45,1,0,"Alex Ovechkin (42) Slap Shot, assists: John Carlson (16), Nicklas Backstrom (48)",54.0,27.0,right,8471214,Alex,Ovechkin,LW,1985-09-17
9071,2013020902_113,2013020902,113,15.0,6.0,Goal,Slap Shot,48.0,23.0,2,REGULAR,144,1056,2014-03-01 19:06:28,2,0,"Alex Ovechkin (43) Slap Shot, assists: Marcus Johansson (30), Joel Ward (17)",48.0,23.0,left,8471214,Alex,Ovechkin,LW,1985-09-17
9072,2013020835_373,2013020835,373,15.0,17.0,Goal,Slap Shot,-57.0,-20.0,4,OVERTIME,157,143,2014-02-02 20:17:15,5,6,"Alex Ovechkin (39) Slap Shot, assists: John Carlson (13), Nicklas Backstrom (42)",-57.0,-20.0,left,8471214,Alex,Ovechkin,LW,1985-09-17
9073,2013020343_344,2013020343,344,15.0,10.0,Goal,Snap Shot,53.0,23.0,3,REGULAR,950,250,2013-11-24 02:37:29,1,1,"Alex Ovechkin (20) Snap Shot, assists: Mike Green (12)",53.0,23.0,left,8471214,Alex,Ovechkin,LW,1985-09-17
9074,2013020443_66,2013020443,66,15.0,18.0,Goal,Slap Shot,-54.0,-17.0,1,REGULAR,789,411,2013-12-08 00:31:43,0,2,"Alex Ovechkin (22) Slap Shot, assists: Nicklas Backstrom (20)",54.0,17.0,right,8471214,Alex,Ovechkin,LW,1985-09-17
9075,2013020080_177,2013020080,177,15.0,22.0,Goal,Wrist Shot,69.0,-12.0,2,REGULAR,798,402,2013-10-15 00:24:27,1,3,"Alex Ovechkin (6) Wrist Shot, assists: Marcus Johansson (5), Nicklas Backstrom (6)",69.0,-12.0,left,8471214,Alex,Ovechkin,LW,1985-09-17
9076,2012020145_222,2012020145,222,15.0,5.0,Goal,Wrist Shot,-67.0,-12.0,3,REGULAR,514,686,2013-02-08 02:12:14,2,5,"Alex Ovechkin (3) Wrist Shot, assists: Mike Ribeiro (9), Mike Green (4)",67.0,12.0,right,8471214,Alex,Ovechkin,LW,1985-09-17
9077,2013020708_245,2013020708,245,15.0,5.0,Goal,Wrist Shot,-65.0,-12.0,3,REGULAR,515,685,2014-01-16 03:09:43,3,2,"Alex Ovechkin (34) Wrist Shot, assists: Marcus Johansson (25), Mike Green (20)",65.0,12.0,right,8471214,Alex,Ovechkin,LW,1985-09-17
9078,2013020935_257,2013020935,257,15.0,4.0,Goal,Snap Shot,63.0,25.0,3,REGULAR,395,805,2014-03-06 03:14:20,2,4,"Alex Ovechkin (44) Snap Shot, assists: Nicklas Backstrom (49), John Carlson (17)",63.0,25.0,left,8471214,Alex,Ovechkin,LW,1985-09-17
9079,2012020545_307,2012020545,307,15.0,2.0,Goal,Backhand,-79.0,-1.0,5,SHOOTOUT,0,300,2013-04-05 01:39:07,1,1,Alex Ovechkin - Backhand,-79.0,-1.0,,8471214,Alex,Ovechkin,LW,1985-09-17
9080,2013020515_103,2013020515,103,15.0,4.0,Goal,Backhand,-85.0,-8.0,2,REGULAR,40,1160,2013-12-18 01:34:41,1,0,"Alex Ovechkin (28) Backhand, assists: Nicklas Backstrom (29), Marcus Johansson (20)",85.0,8.0,right,8471214,Alex,Ovechkin,LW,1985-09-17
9081,2012020633_184,2012020633,184,15.0,10.0,Goal,Slap Shot,46.0,21.0,2,REGULAR,839,361,2013-04-17 00:36:53,0,4,"Alex Ovechkin (28) Slap Shot, assists: Mike Green (8), Mike Ribeiro (30)",46.0,21.0,left,8471214,Alex,Ovechkin,LW,1985-09-17
9082,2014020167_101,2014020167,101,15.0,53.0,Goal,Slap Shot,-69.0,-14.0,1,REGULAR,969,231,2014-11-03 00:43:48,1,3,"Alex Ovechkin (6) Slap Shot, assists: Mike Green (6), Nicklas Backstrom (9)",69.0,14.0,right,8471214,Alex,Ovechkin,LW,1985-09-17
9083,2014020052_9,2014020052,9,15.0,1.0,Goal,Wrist Shot,-64.0,9.0,1,REGULAR,34,1166,2014-10-16 23:09:49,0,1,"Alex Ovechkin (5) Wrist Shot, assists: Troy Brouwer (2), Brooks Orpik (1)",64.0,-9.0,right,8471214,Alex,Ovechkin,LW,1985-09-17
9084,2014020739_58,2014020739,58,15.0,19.0,Goal,Slap Shot,-61.0,-14.0,1,REGULAR,590,610,2015-02-01 18:27:43,1,1,"Alex Ovechkin (30) Slap Shot, assists: Mike Green (25), Nicklas Backstrom (36)",61.0,14.0,right,8471214,Alex,Ovechkin,LW,1985-09-17
9085,2014020739_185,2014020739,185,15.0,19.0,Goal,Snap Shot,62.0,8.0,2,REGULAR,870,330,2015-02-01 19:29:50,2,2,"Alex Ovechkin (31) Snap Shot, assists: Nicklas Backstrom (37)",62.0,8.0,left,8471214,Alex,Ovechkin,LW,1985-09-17
9086,2014020483_192,2014020483,192,15.0,1.0,Goal,Backhand,-77.0,-9.0,3,REGULAR,436,764,2014-12-21 02:05:14,3,0,"Alex Ovechkin (15) Backhand, assists: Nicklas Backstrom (25)",77.0,9.0,right,8471214,Alex,Ovechkin,LW,1985-09-17
9087,2014020832_259,2014020832,259,15.0,26.0,Goal,Slap Shot,66.0,30.0,3,REGULAR,115,1085,2015-02-15 05:03:41,1,2,"Alex Ovechkin (34) Slap Shot, assists: Evgeny Kuznetsov (18)",66.0,30.0,left,8471214,Alex,Ovechkin,LW,1985-09-17
9088,2014020223_61,2014020223,61,15.0,29.0,Goal,Slap Shot,-63.0,-22.0,1,REGULAR,469,731,2014-11-12 00:25:24,0,2,"Alex Ovechkin (7) Slap Shot, assists: Mike Green (8), Nicklas Backstrom (11)",63.0,22.0,right,8471214,Alex,Ovechkin,LW,1985-09-17
9089,2014020223_108,2014020223,108,15.0,29.0,Goal,Wrist Shot,-54.0,7.0,1,REGULAR,964,236,2014-11-12 00:44:01,1,3,"Alex Ovechkin (8) Wrist Shot, assists: Jay Beagle (1), Nicklas Backstrom (12)",54.0,-7.0,right,8471214,Alex,Ovechkin,LW,1985-09-17
9090,2014020414_8,2014020414,8,15.0,14.0,Goal,Wrist Shot,-70.0,-3.0,1,REGULAR,40,1160,2014-12-10 00:39:40,1,0,"Alex Ovechkin (13) Wrist Shot, assists: Tom Wilson (5), John Carlson (16)",70.0,3.0,right,8471214,Alex,Ovechkin,LW,1985-09-17
9091,2014020414_293,2014020414,293,15.0,14.0,Goal,Wrist Shot,-20.0,-13.0,3,REGULAR,1199,1,2014-12-10 03:06:12,5,3,"Alex Ovechkin (14) Wrist Shot, assists: Nicklas Backstrom (22)",20.0,13.0,right,8471214,Alex,Ovechkin,LW,1985-09-17
9092,2014021217_137,2014021217,137,15.0,3.0,Goal,Slap Shot,59.0,20.0,2,REGULAR,391,809,2015-04-11 17:43:07,3,1,"Alex Ovechkin (53) Slap Shot, assists: John Carlson (43), Nicklas Backstrom (60)",59.0,20.0,left,8471214,Alex,Ovechkin,LW,1985-09-17
9093,2014020761_176,2014020761,176,15.0,9.0,Goal,Wrist Shot,84.0,-1.0,2,REGULAR,857,343,2015-02-06 02:00:43,2,1,"Alex Ovechkin (32) Wrist Shot, assists: Jay Beagle (7), Marcus Johansson (18)",84.0,-1.0,left,8471214,Alex,Ovechkin,LW,1985-09-17
9094,2014020668_247,2014020668,247,15.0,25.0,Goal,Wrist Shot,78.0,0.0,3,REGULAR,21,1179,2015-01-18 03:05:57,3,3,"Alex Ovechkin (25) Wrist Shot, assists: Nicklas Backstrom (32)",78.0,0.0,left,8471214,Alex,Ovechkin,LW,1985-09-17
9095,2014020836_22,2014020836,22,15.0,24.0,Goal,Slap Shot,-57.0,13.0,1,REGULAR,82,1118,2015-02-16 01:11:53,1,1,"Alex Ovechkin (35) Slap Shot, assists: Nicklas Backstrom (42)",57.0,-13.0,right,8471214,Alex,Ovechkin,LW,1985-09-17
9096,2014020836_77,2014020836,77,15.0,24.0,Goal,Slap Shot,-56.0,-26.0,1,REGULAR,626,574,2015-02-16 01:27:32,2,2,"Alex Ovechkin (36) Slap Shot, assists: Mike Green (29), Nicklas Backstrom (43)",56.0,26.0,right,8471214,Alex,Ovechkin,LW,1985-09-17
9097,2014020506_270,2014020506,270,15.0,3.0,Goal,Snap Shot,62.0,19.0,3,REGULAR,658,542,2014-12-24 02:19:18,2,3,"Alex Ovechkin (16) Snap Shot, assists: John Carlson (22), Marcus Johansson (11)",62.0,19.0,left,8471214,Alex,Ovechkin,LW,1985-09-17
9098,2014021128_26,2014021128,26,15.0,3.0,Goal,Wrist Shot,64.0,19.0,1,REGULAR,272,928,2015-03-29 19:16:08,1,0,"Alex Ovechkin (48) Wrist Shot, assists: Joel Ward (15), John Carlson (37)",64.0,19.0,left,8471214,Alex,Ovechkin,LW,1985-09-17
9099,2014021128_160,2014021128,160,15.0,3.0,Goal,Slap Shot,-58.0,-24.0,2,REGULAR,677,523,2015-03-29 20:24:03,2,2,"Alex Ovechkin (49) Slap Shot, assists: Nicklas Backstrom (55), Matt Niskanen (25)",58.0,24.0,right,8471214,Alex,Ovechkin,LW,1985-09-17
9100,2014020069_345,2014020069,345,15.0,13.0,Goal,Wrist Shot,-80.0,11.0,5,SHOOTOUT,0,300,2014-10-19 01:48:01,1,1,Alex Ovechkin - Wrist Shot,-80.0,11.0,,8471214,Alex,Ovechkin,LW,1985-09-17
9101,2014020577_121,2014020577,121,15.0,13.0,Goal,Wrist Shot,76.0,12.0,2,REGULAR,76,1124,2015-01-04 21:08:02,0,1,"Alex Ovechkin (19) Wrist Shot, assists: Nicklas Backstrom (27), Marcus Johansson (12)",76.0,12.0,left,8471214,Alex,Ovechkin,LW,1985-09-17
9102,2015020022_249,2015020022,249,15.0,1.0,Goal,Wrist Shot,-82.0,-7.0,3,REGULAR,393,807,2015-10-11 01:15:45,2,3,"Alex Ovechkin (1) Wrist Shot, assists: Matt Niskanen (1)",82.0,7.0,right,8471214,Alex,Ovechkin,LW,1985-09-17
9103,2017021065_40,2017021065,40,15.0,52.0,Goal,Wrist Shot,-57.0,-20.0,1,REGULAR,275,925,2018-03-12 23:16:38,0,1,"Alex Ovechkin (41) Wrist Shot, assists: John Carlson (43), Nicklas Backstrom (34)",57.0,20.0,right,8471214,Alex,Ovechkin,LW,1985-09-17
9104,2017021065_152,2017021065,152,15.0,52.0,Goal,Wrist Shot,85.0,8.0,2,REGULAR,233,967,2018-03-13 00:14:42,1,2,"Alex Ovechkin (42) Wrist Shot, assists: Tom Wilson (19), Evgeny Kuznetsov (45)",85.0,8.0,left,8471214,Alex,Ovechkin,LW,1985-09-17
9105,2016021078_289,2016021078,289,15.0,20.0,Goal,Wrist Shot,-70.0,-21.0,3,REGULAR,1029,171,2017-03-22 01:27:40,2,4,"Alex Ovechkin (29) Wrist Shot, assists: Kevin Shattenkirk (37), Nicklas Backstrom (56)",70.0,21.0,right,8471214,Alex,Ovechkin,LW,1985-09-17
9106,2015020801_287,2015020801,287,15.0,18.0,Goal,Wrist Shot,-75.0,1.0,3,REGULAR,1140,60,2016-02-10 03:43:48,5,3,"Alex Ovechkin (31) Wrist Shot, assists: Nicklas Backstrom (32), Marcus Johansson (19)",75.0,-1.0,right,8471214,Alex,Ovechkin,LW,1985-09-17
9107,2017021226_321,2017021226,321,15.0,19.0,Goal,Wrist Shot,-23.0,-24.0,3,REGULAR,1109,91,2018-04-03 02:35:15,4,2,"Alex Ovechkin (46) Wrist Shot, assists: Evgeny Kuznetsov (54), Nicklas Backstrom (48)",23.0,24.0,right,8471214,Alex,Ovechkin,LW,1985-09-17
9108,2015020334_44,2015020334,44,15.0,14.0,Goal,Wrist Shot,-61.0,-16.0,1,REGULAR,429,771,2015-11-27 22:19:58,0,1,"Alex Ovechkin (12) Wrist Shot, assists: Jason Chimera (6), Evgeny Kuznetsov (17)",61.0,16.0,right,8471214,Alex,Ovechkin,LW,1985-09-17
9109,2015020298_32,2015020298,32,15.0,21.0,Goal,Snap Shot,-66.0,14.0,1,REGULAR,435,765,2015-11-22 00:18:01,0,2,"Alex Ovechkin (10) Snap Shot, assists: Nicklas Backstrom (9), Taylor Chorney (2)",66.0,-14.0,right,8471214,Alex,Ovechkin,LW,1985-09-17
9110,2015020535_100,2015020535,100,15.0,7.0,Goal,Wrist Shot,79.0,0.0,2,REGULAR,19,1181,2015-12-29 01:00:46,1,0,"Alex Ovechkin (18) Wrist Shot, assists: Nicklas Backstrom (22), T.J. Oshie (10)",79.0,0.0,left,8471214,Alex,Ovechkin,LW,1985-09-17
9111,2015020186_104,2015020186,104,15.0,6.0,Goal,Wrist Shot,-78.0,8.0,1,REGULAR,1047,153,2015-11-06 00:41:04,1,1,"Alex Ovechkin (7) Wrist Shot, assists: Evgeny Kuznetsov (9), John Carlson (9)",78.0,-8.0,right,8471214,Alex,Ovechkin,LW,1985-09-17
9112,2016020056_220,2016020056,220,15.0,13.0,Goal,Tip-In,66.0,3.0,3,REGULAR,453,747,2016-10-21 01:40:39,3,2,"Alex Ovechkin (2) Tip-In, assists: Matt Niskanen (3), Karl Alzner (2)",66.0,3.0,left,8471214,Alex,Ovechkin,LW,1985-09-17
9113,2016020508_135,2016020508,135,15.0,14.0,Goal,Backhand,75.0,1.0,2,REGULAR,648,552,2016-12-24 01:19:24,0,3,"Alex Ovechkin (15) Backhand, assists: Dmitry Orlov (13)",75.0,1.0,left,8471214,Alex,Ovechkin,LW,1985-09-17
9114,2015020052_266,2015020052,266,15.0,16.0,Goal,Wrist Shot,-77.0,-14.0,3,REGULAR,858,342,2015-10-16 01:17:10,1,4,"Alex Ovechkin (2) Wrist Shot, assists: Evgeny Kuznetsov (2), T.J. Oshie (1)",77.0,14.0,right,8471214,Alex,Ovechkin,LW,1985-09-17
9115,2013020050_196,2013020050,196,15.0,12.0,Goal,Tip-In,68.0,2.0,2,REGULAR,832,368,2013-10-11 00:30:19,1,2,"Alex Ovechkin (5) Tip-In, assists: Steve Oleksy (1), Nicklas Backstrom (4)",68.0,2.0,left,8471214,Alex,Ovechkin,LW,1985-09-17
9116,2013020536_382,2013020536,382,15.0,12.0,Goal,Wrist Shot,69.0,-2.0,3,REGULAR,1175,25,2013-12-21 02:32:25,4,2,"Alex Ovechkin (29) Wrist Shot, assists: Nicklas Backstrom (33), Martin Erat (11)",69.0,-2.0,left,8471214,Alex,Ovechkin,LW,1985-09-17
9117,2012020573_137,2012020573,137,15.0,14.0,Goal,Tip-In,74.0,2.0,2,REGULAR,194,1006,2013-04-08 00:10:18,1,1,"Alex Ovechkin (24) Tip-In, assists: Jack Hillen (2), Nicklas Backstrom (34)",74.0,2.0,left,8471214,Alex,Ovechkin,LW,1985-09-17
9118,2012020573_347,2012020573,347,15.0,14.0,Goal,Wrist Shot,-70.0,7.0,3,REGULAR,1195,5,2013-04-08 01:38:57,2,4,"Alex Ovechkin (25) Wrist Shot, assists: Mike Ribeiro (26)",70.0,-7.0,right,8471214,Alex,Ovechkin,LW,1985-09-17
9119,2013020218_147,2013020218,147,15.0,2.0,Goal,Snap Shot,51.0,21.0,2,REGULAR,261,939,2013-11-06 01:12:28,1,2,"Alex Ovechkin (11) Snap Shot, assists: Nicklas Backstrom (12)",51.0,21.0,left,8471214,Alex,Ovechkin,LW,1985-09-17
9120,2013020218_214,2013020218,214,15.0,2.0,Goal,Snap Shot,52.0,20.0,2,REGULAR,1038,162,2013-11-06 01:40:28,2,5,"Alex Ovechkin (12) Snap Shot, assists: Marcus Johansson (11), Nicklas Backstrom (14)",52.0,20.0,left,8471214,Alex,Ovechkin,LW,1985-09-17
9121,2013021157_56,2013021157,56,15.0,1.0,Goal,Wrist Shot,-56.0,-4.0,1,REGULAR,612,588,2014-04-04 23:26:47,1,0,"Alex Ovechkin (49) Wrist Shot, assists: Mikhail Grabovski (22), Nicklas Backstrom (60)",56.0,4.0,right,8471214,Alex,Ovechkin,LW,1985-09-17
9122,2013020698_206,2013020698,206,15.0,28.0,Goal,Slap Shot,72.0,36.0,2,REGULAR,764,436,2014-01-15 01:26:15,1,1,"Alex Ovechkin (33) Slap Shot, assists: Karl Alzner (9), Mikhail Grabovski (21)",72.0,36.0,left,8471214,Alex,Ovechkin,LW,1985-09-17
9123,2012020393_214,2012020393,214,15.0,12.0,Goal,Snap Shot,72.0,18.0,3,REGULAR,61,1139,2013-03-15 00:55:41,2,2,"Alex Ovechkin (10) Snap Shot, assists: Troy Brouwer (8), Nicklas Backstrom (19)",72.0,18.0,left,8471214,Alex,Ovechkin,LW,1985-09-17
9124,2013021205_14,2013021205,14,15.0,16.0,Goal,Slap Shot,-66.0,-34.0,1,REGULAR,124,1076,2014-04-11 23:13:25,0,1,"Alex Ovechkin (51) Slap Shot, assists: John Carlson (27), Nicklas Backstrom (61)",66.0,34.0,right,8471214,Alex,Ovechkin,LW,1985-09-17
9125,2013021081_22,2013021081,22,15.0,26.0,Goal,Slap Shot,-80.0,4.0,1,REGULAR,144,1056,2014-03-25 23:12:46,0,1,"Alex Ovechkin (47) Slap Shot, assists: John Carlson (22), Troy Brouwer (15)",80.0,-4.0,right,8471214,Alex,Ovechkin,LW,1985-09-17
9126,2013021081_55,2013021081,55,15.0,26.0,Goal,Snap Shot,-61.0,-13.0,1,REGULAR,424,776,2014-03-25 23:23:20,0,2,"Alex Ovechkin (48) Snap Shot, assists: Troy Brouwer (16), Nicklas Backstrom (57)",61.0,13.0,right,8471214,Alex,Ovechkin,LW,1985-09-17
9127,2012020448_259,2012020448,259,15.0,52.0,Goal,Snap Shot,75.0,8.0,3,REGULAR,846,354,2013-03-22 02:16:47,3,0,"Alex Ovechkin (13) Snap Shot, assists: Nicklas Backstrom (22), John Carlson (9)",75.0,8.0,left,8471214,Alex,Ovechkin,LW,1985-09-17
9128,2013020337_124,2013020337,124,15.0,8.0,Goal,Wrist Shot,-86.0,-17.0,1,REGULAR,1177,23,2013-11-23 00:53:02,3,1,"Alex Ovechkin (18) Wrist Shot, assists: John Carlson (5), Troy Brouwer (2)",86.0,17.0,right,8471214,Alex,Ovechkin,LW,1985-09-17
9129,2013020337_326,2013020337,326,15.0,8.0,Goal,Deflected,-75.0,-2.0,3,REGULAR,747,453,2013-11-23 02:38:31,3,2,"Alex Ovechkin (19) Deflected, assists: John Carlson (6), Mikhail Grabovski (12)",75.0,2.0,right,8471214,Alex,Ovechkin,LW,1985-09-17
9130,2013020892_294,2013020892,294,15.0,13.0,Goal,Snap Shot,69.0,9.0,3,REGULAR,943,257,2014-02-28 02:58:33,5,4,"Alex Ovechkin (41) Snap Shot, assists: Brooks Laich (6), Nicklas Backstrom (47)",69.0,9.0,left,8471214,Alex,Ovechkin,LW,1985-09-17
9131,2013020799_22,2013020799,22,15.0,7.0,Goal,Slap Shot,-46.0,0.0,1,REGULAR,229,971,2014-01-29 00:45:09,1,0,"Alex Ovechkin (37) Slap Shot, assists: Nicklas Backstrom (39), Troy Brouwer (13)",46.0,0.0,right,8471214,Alex,Ovechkin,LW,1985-09-17
9132,2013020799_32,2013020799,32,15.0,7.0,Goal,Deflected,-71.0,-1.0,1,REGULAR,282,918,2014-01-29 00:47:41,2,0,"Alex Ovechkin (38) Deflected, assists: Mike Green (23), Marcus Johansson (26)",71.0,1.0,right,8471214,Alex,Ovechkin,LW,1985-09-17
9133,2013020002_49,2013020002,49,15.0,16.0,Goal,Wrist Shot,77.0,11.0,1,REGULAR,642,558,2013-10-02 00:51:58,1,1,"Alex Ovechkin (1) Wrist Shot, assists: Mikhail Grabovski (1), Nicklas Backstrom (1)",77.0,11.0,left,8471214,Alex,Ovechkin,LW,1985-09-17
9134,2012020343_169,2012020343,169,15.0,13.0,Goal,Slap Shot,62.0,8.0,2,REGULAR,557,643,2013-03-08 01:23:43,0,5,"Alex Ovechkin (9) Slap Shot, assists: Troy Brouwer (6), Mike Ribeiro (18)",62.0,8.0,left,8471214,Alex,Ovechkin,LW,1985-09-17
9135,2013020670_166,2013020670,166,15.0,10.0,Goal,Slap Shot,67.0,17.0,2,REGULAR,399,801,2014-01-11 01:17:23,0,1,"Alex Ovechkin (32) Slap Shot, assists: Mikhail Grabovski (20), Mike Green (19)",67.0,17.0,left,8471214,Alex,Ovechkin,LW,1985-09-17
9136,2012020250_136,2012020250,136,15.0,1.0,Goal,Wrist Shot,67.0,16.0,2,REGULAR,320,880,2013-02-23 18:07:36,0,1,"Alex Ovechkin (6) Wrist Shot, assists: Mike Ribeiro (14), Jason Chimera (7)",67.0,16.0,left,8471214,Alex,Ovechkin,LW,1985-09-17
9137,2012020250_222,2012020250,222,15.0,1.0,Goal,Snap Shot,-55.0,19.0,3,REGULAR,83,1117,2013-02-23 19:00:39,1,2,"Alex Ovechkin (7) Snap Shot, assists: Matt Hendricks (1), Jeff Schultz (3)",55.0,-19.0,right,8471214,Alex,Ovechkin,LW,1985-09-17
9138,2012020250_284,2012020250,284,15.0,1.0,Goal,Slap Shot,-71.0,-3.0,3,REGULAR,913,287,2013-02-23 19:24:28,1,4,"Alex Ovechkin (8) Slap Shot, assists: Mike Ribeiro (15), Nicklas Backstrom (12)",71.0,3.0,right,8471214,Alex,Ovechkin,LW,1985-09-17
9139,2013020997_164,2013020997,164,15.0,23.0,Goal,Slap Shot,59.0,23.0,2,REGULAR,508,692,2014-03-15 00:17:30,1,2,"Alex Ovechkin (45) Slap Shot, assists: John Carlson (20), Evgeny Kuznetsov (1)",59.0,23.0,left,8471214,Alex,Ovechkin,LW,1985-09-17
9140,2013020386_353,2013020386,353,15.0,8.0,Goal,Wrist Shot,-77.0,7.0,5,SHOOTOUT,0,300,2013-11-30 00:52:53,2,2,Alex Ovechkin - Wrist Shot,-77.0,7.0,,8471214,Alex,Ovechkin,LW,1985-09-17
9141,2013020459_63,2013020459,63,15.0,14.0,Goal,Snap Shot,-63.0,5.0,1,REGULAR,855,345,2013-12-11 00:34:08,3,1,"Alex Ovechkin (23) Snap Shot, assists: Nicklas Backstrom (22)",63.0,-5.0,right,8471214,Alex,Ovechkin,LW,1985-09-17
9142,2013020459_190,2013020459,190,15.0,14.0,Goal,Wrist Shot,82.0,7.0,2,REGULAR,998,202,2013-12-11 01:33:56,4,3,"Alex Ovechkin (24) Wrist Shot, assists: Marcus Johansson (17), Nicklas Backstrom (23)",82.0,7.0,left,8471214,Alex,Ovechkin,LW,1985-09-17
9143,2013020459_201,2013020459,201,15.0,14.0,Goal,Slap Shot,57.0,21.0,2,REGULAR,1128,72,2013-12-11 01:38:18,4,4,"Alex Ovechkin (25) Slap Shot, assists: Mike Green (14), Nicklas Backstrom (24)",57.0,21.0,left,8471214,Alex,Ovechkin,LW,1985-09-17
9144,2013020459_308,2013020459,308,15.0,14.0,Goal,Slap Shot,-55.0,-17.0,3,REGULAR,1167,33,2013-12-11 02:34:05,5,5,"Alex Ovechkin (26) Slap Shot, assists: John Carlson (7), Nicklas Backstrom (25)",55.0,17.0,right,8471214,Alex,Ovechkin,LW,1985-09-17
9145,2013020738_134,2013020738,134,15.0,3.0,Goal,Slap Shot,-69.0,-20.0,2,REGULAR,59,1141,2014-01-20 01:37:59,1,3,"Alex Ovechkin (35) Slap Shot, assists: Mike Green (21), Nicklas Backstrom (38)",69.0,20.0,right,8471214,Alex,Ovechkin,LW,1985-09-17
9146,2013020135_218,2013020135,218,15.0,52.0,Goal,Backhand,-82.0,-3.0,2,REGULAR,950,250,2013-10-23 01:42:47,2,2,"Alex Ovechkin (8) Backhand, assists: Marcus Johansson (7)",82.0,3.0,right,8471214,Alex,Ovechkin,LW,1985-09-17
9147,2013020135_231,2013020135,231,15.0,52.0,Goal,Wrist Shot,-61.0,-24.0,2,REGULAR,1082,118,2013-10-23 01:47:27,3,2,"Alex Ovechkin (9) Wrist Shot, assists: Marcus Johansson (8)",61.0,24.0,right,8471214,Alex,Ovechkin,LW,1985-09-17
9148,2012020454_142,2012020454,142,15.0,52.0,Goal,Snap Shot,-54.0,28.0,2,REGULAR,455,745,2013-03-23 00:22:40,4,0,"Alex Ovechkin (14) Snap Shot, assists: Marcus Johansson (4), Karl Alzner (3)",54.0,-28.0,right,8471214,Alex,Ovechkin,LW,1985-09-17
9149,2012020454_284,2012020454,284,15.0,52.0,Goal,Slap Shot,69.0,21.0,3,REGULAR,958,242,2013-03-23 01:28:46,6,1,"Alex Ovechkin (15) Slap Shot, assists: John Carlson (10), Nicklas Backstrom (23)",69.0,21.0,left,8471214,Alex,Ovechkin,LW,1985-09-17
9150,2013020009_186,2013020009,186,15.0,20.0,Goal,Slap Shot,52.0,25.0,2,REGULAR,684,516,2013-10-04 00:36:07,4,2,"Alex Ovechkin (2) Slap Shot, assists: Mike Green (3), Marcus Johansson (2)",52.0,25.0,left,8471214,Alex,Ovechkin,LW,1985-09-17
9151,2013020009_212,2013020009,212,15.0,20.0,Goal,Slap Shot,54.0,-15.0,2,REGULAR,925,275,2013-10-04 00:45:51,4,3,"Alex Ovechkin (3) Slap Shot, assists: Marcus Johansson (3), Nicklas Backstrom (3)",54.0,-15.0,left,8471214,Alex,Ovechkin,LW,1985-09-17
9152,2013020009_386,2013020009,386,15.0,20.0,Goal,Backhand,-79.0,-4.0,5,SHOOTOUT,0,300,2013-10-04 02:04:07,4,4,Alex Ovechkin - Backhand,-79.0,-4.0,,8471214,Alex,Ovechkin,LW,1985-09-17
9153,2013020118_285,2013020118,285,15.0,29.0,Goal,Slap Shot,-63.0,-21.0,3,REGULAR,394,806,2013-10-20 01:07:06,0,4,"Alex Ovechkin (7) Slap Shot, assists: Mike Green (5), Martin Erat (3)",63.0,21.0,right,8471214,Alex,Ovechkin,LW,1985-09-17
9154,2013021186_69,2013021186,69,15.0,19.0,Goal,Slap Shot,-69.0,-24.0,1,REGULAR,1074,126,2014-04-09 00:40:17,1,0,"Alex Ovechkin (50) Slap Shot, assists: John Carlson (25), Joel Ward (22)",69.0,24.0,right,8471214,Alex,Ovechkin,LW,1985-09-17
9155,2012020682_347,2012020682,347,15.0,52.0,Goal,Slap Shot,-43.0,4.0,3,REGULAR,1171,29,2013-04-24 01:40:16,3,5,"Alex Ovechkin (31) Slap Shot, assists: Nicklas Backstrom (40), Marcus Johansson (15)",43.0,-4.0,right,8471214,Alex,Ovechkin,LW,1985-09-17
9156,2013020397_316,2013020397,316,15.0,2.0,Goal,Snap Shot,78.0,1.0,4,OVERTIME,127,173,2013-12-01 02:26:38,3,2,"Alex Ovechkin (21) Snap Shot, assists: Mikhail Grabovski (14), Nate Schmidt (4)",78.0,1.0,left,8471214,Alex,Ovechkin,LW,1985-09-17
9157,2013020290_223,2013020290,223,15.0,17.0,Goal,Wrist Shot,78.0,16.0,3,REGULAR,199,1001,2013-11-16 02:28:45,2,3,"Alex Ovechkin (15) Wrist Shot, assists: Marcus Johansson (15), Nicklas Backstrom (16)",78.0,16.0,left,8471214,Alex,Ovechkin,LW,1985-09-17
9158,2013020266_315,2013020266,315,15.0,29.0,Goal,Wrist Shot,-84.0,-7.0,4,OVERTIME,94,206,2013-11-13 02:34:54,3,4,"Alex Ovechkin (14) Wrist Shot, assists: Marcus Johansson (14), John Carlson (3)",-84.0,-7.0,left,8471214,Alex,Ovechkin,LW,1985-09-17
9159,2012020467_60,2012020467,60,15.0,3.0,Goal,Tip-In,76.0,0.0,1,REGULAR,585,615,2013-03-24 23:25:19,2,0,"Alex Ovechkin (16) Tip-In, assists: Steve Oleksy (5), Nicklas Backstrom (24)",76.0,0.0,left,8471214,Alex,Ovechkin,LW,1985-09-17
9160,2012020467_338,2012020467,338,15.0,3.0,Goal,Wrist Shot,83.0,-3.0,5,SHOOTOUT,0,300,2013-03-25 01:41:31,2,2,Alex Ovechkin - Wrist Shot,83.0,-3.0,,8471214,Alex,Ovechkin,LW,1985-09-17
9161,2013020777_115,2013020777,115,15.0,8.0,Goal,Wrist Shot,-88.0,-7.0,2,REGULAR,106,1094,2014-01-26 01:09:14,1,0,"Alex Ovechkin (36) Wrist Shot, assists: Jason Chimera (15), Joel Ward (15)",88.0,7.0,right,8471214,Alex,Ovechkin,LW,1985-09-17
9162,2013020614_117,2013020614,117,15.0,12.0,Goal,Snap Shot,62.0,-11.0,2,REGULAR,49,1151,2014-01-03 01:03:17,1,1,"Alex Ovechkin (31) Snap Shot, assists: Marcus Johansson (21), Karl Alzner (7)",62.0,-11.0,left,8471214,Alex,Ovechkin,LW,1985-09-17
9163,2013020304_45,2013020304,45,15.0,19.0,Goal,Slap Shot,-58.0,25.0,1,REGULAR,437,763,2013-11-17 23:20:50,0,1,"Alex Ovechkin (16) Slap Shot, assists: Nicklas Backstrom (17), Steve Oleksy (6)",58.0,-25.0,right,8471214,Alex,Ovechkin,LW,1985-09-17
9164,2013020304_70,2013020304,70,15.0,19.0,Goal,Backhand,-73.0,-8.0,1,REGULAR,754,446,2013-11-17 23:29:03,0,2,"Alex Ovechkin (17) Backhand, assists: Karl Alzner (4), Nicklas Backstrom (18)",73.0,8.0,right,8471214,Alex,Ovechkin,LW,1985-09-17
9165,2012020662_33,2012020662,33,15.0,8.0,Goal,Wrist Shot,77.0,19.0,1,REGULAR,289,911,2013-04-20 23:22:28,1,0,"Alex Ovechkin (29) Wrist Shot, assists: Nicklas Backstrom (39)",77.0,19.0,left,8471214,Alex,Ovechkin,LW,1985-09-17
9166,2012020662_303,2012020662,303,15.0,8.0,Goal,Slap Shot,70.0,30.0,3,REGULAR,803,397,2013-04-21 01:33:55,5,0,"Alex Ovechkin (30) Slap Shot, assists: Mike Green (11), Mike Ribeiro (34)",70.0,30.0,left,8471214,Alex,Ovechkin,LW,1985-09-17
9167,2013020233_33,2013020233,33,15.0,30.0,Goal,Slap Shot,-79.0,-13.0,1,REGULAR,490,710,2013-11-08 00:20:42,0,1,"Alex Ovechkin (13) Slap Shot, assists: Nicklas Backstrom (15), Marcus Johansson (12)",79.0,13.0,right,8471214,Alex,Ovechkin,LW,1985-09-17
9168,2012020162_210,2012020162,210,15.0,13.0,Goal,Slap Shot,-59.0,14.0,3,REGULAR,229,971,2013-02-10 01:59:09,0,4,"Alex Ovechkin (4) Slap Shot, assists: Jason Chimera (6), Mike Ribeiro (10)",59.0,-14.0,right,8471214,Alex,Ovechkin,LW,1985-09-17
9169,2012020614_111,2012020614,111,15.0,14.0,Goal,Backhand,-74.0,-1.0,1,REGULAR,1162,38,2013-04-13 23:44:03,0,3,"Alex Ovechkin (27) Backhand, assists: Nicklas Backstrom (38)",74.0,1.0,right,8471214,Alex,Ovechkin,LW,1985-09-17
9170,2012020695_254,2012020695,254,15.0,9.0,Goal,Backhand,-81.0,-1.0,3,REGULAR,511,689,2013-04-26 01:14:16,1,1,"Alex Ovechkin (32) Backhand, assists: Marcus Johansson (16), Mike Green (13)",81.0,1.0,right,8471214,Alex,Ovechkin,LW,1985-09-17
9171,2012020434_139,2012020434,139,15.0,5.0,Goal,Snap Shot,74.0,12.0,2,REGULAR,494,706,2013-03-20 00:45:39,1,0,"Alex Ovechkin (12) Snap Shot, assists: Troy Brouwer (10), Mike Ribeiro (22)",74.0,12.0,left,8471214,Alex,Ovechkin,LW,1985-09-17
9172,2012020585_167,2012020585,167,15.0,8.0,Goal,Wrist Shot,-37.0,-12.0,2,REGULAR,470,730,2013-04-10 00:49:26,1,1,"Alex Ovechkin (26) Wrist Shot, assists: John Carlson (14), Nicklas Backstrom (35)",37.0,12.0,right,8471214,Alex,Ovechkin,LW,1985-09-17
9173,2012020420_7,2012020420,7,15.0,7.0,Goal,Wrist Shot,-53.0,18.0,1,REGULAR,19,1181,2013-03-17 23:11:20,0,1,"Alex Ovechkin (11) Wrist Shot, assists: Marcus Johansson (2), Nicklas Backstrom (20)",53.0,-18.0,right,8471214,Alex,Ovechkin,LW,1985-09-17
9174,2012020533_103,2012020533,103,15.0,12.0,Goal,Snap Shot,54.0,-15.0,1,REGULAR,1161,39,2013-04-02 23:43:02,1,2,"Alex Ovechkin (19) Snap Shot, assists: Nicklas Backstrom (26), John Carlson (13)",54.0,-15.0,left,8471214,Alex,Ovechkin,LW,1985-09-17
9175,2012020533_186,2012020533,186,15.0,12.0,Goal,Wrist Shot,-79.0,5.0,2,REGULAR,666,534,2013-04-03 00:30:58,4,3,"Alex Ovechkin (20) Wrist Shot, assists: Nicklas Backstrom (29), Marcus Johansson (8)",79.0,-5.0,right,8471214,Alex,Ovechkin,LW,1985-09-17
9176,2013020028_28,2013020028,28,15.0,25.0,Goal,Snap Shot,81.0,20.0,1,REGULAR,266,934,2013-10-06 00:15:12,1,0,"Alex Ovechkin (4) Snap Shot, assists: Mike Green (4), Marcus Johansson (4)",81.0,20.0,left,8471214,Alex,Ovechkin,LW,1985-09-17
9177,2013020546_229,2013020546,229,15.0,1.0,Goal,Wrist Shot,-52.0,11.0,3,REGULAR,487,713,2013-12-22 02:01:27,2,4,"Alex Ovechkin (30) Wrist Shot, assists: Karl Alzner (6)",52.0,-11.0,right,8471214,Alex,Ovechkin,LW,1985-09-17
9178,2012020566_86,2012020566,86,15.0,13.0,Goal,Wrist Shot,76.0,6.0,1,REGULAR,945,255,2013-04-07 00:08:31,1,0,"Alex Ovechkin (21) Wrist Shot, assists: Mike Ribeiro (25), Nicklas Backstrom (31)",76.0,6.0,left,8471214,Alex,Ovechkin,LW,1985-09-17
9179,2012020566_115,2012020566,115,15.0,13.0,Goal,Wrist Shot,-79.0,17.0,2,REGULAR,144,1056,2013-04-07 00:37:47,3,0,"Alex Ovechkin (22) Wrist Shot, assists: Nicklas Backstrom (32), Marcus Johansson (11)",79.0,-17.0,right,8471214,Alex,Ovechkin,LW,1985-09-17
9180,2012020566_172,2012020566,172,15.0,13.0,Goal,Wrist Shot,-73.0,-11.0,2,REGULAR,862,338,2013-04-07 00:58:18,4,0,"Alex Ovechkin (23) Wrist Shot, assists: Marcus Johansson (12), Nicklas Backstrom (33)",73.0,11.0,right,8471214,Alex,Ovechkin,LW,1985-09-17
9181,2014020628_234,2014020628,234,15.0,21.0,Goal,Snap Shot,58.0,14.0,2,REGULAR,1066,134,2015-01-13 01:39:50,1,2,"Alex Ovechkin (22) Snap Shot, assists: Troy Brouwer (10), Nicklas Backstrom (29)",58.0,14.0,left,8471214,Alex,Ovechkin,LW,1985-09-17
9182,2014020335_167,2014020335,167,15.0,2.0,Goal,Wrist Shot,59.0,-21.0,2,REGULAR,593,607,2014-11-28 23:24:16,2,3,"Alex Ovechkin (12) Wrist Shot, assists: Tom Wilson (3), Nicklas Backstrom (17)",59.0,-21.0,left,8471214,Alex,Ovechkin,LW,1985-09-17
9183,2014020863_97,2014020863,97,15.0,52.0,Goal,Wrist Shot,-71.0,-3.0,1,REGULAR,1115,85,2015-02-20 00:45:26,0,2,"Alex Ovechkin (38) Wrist Shot, assists: Karl Alzner (11), Matt Niskanen (17)",71.0,3.0,right,8471214,Alex,Ovechkin,LW,1985-09-17
9184,2014020848_118,2014020848,118,15.0,5.0,Goal,Backhand,-81.0,-5.0,1,REGULAR,1116,84,2015-02-18 00:42:55,1,0,"Alex Ovechkin (37) Backhand, assists: Joel Ward (11), Mike Green (30)",81.0,5.0,right,8471214,Alex,Ovechkin,LW,1985-09-17
9185,2014020594_337,2014020594,337,15.0,10.0,Goal,Wrist Shot,49.0,29.0,3,REGULAR,1173,27,2015-01-08 02:43:12,6,2,"Alex Ovechkin (20) Wrist Shot, assists: none",49.0,29.0,left,8471214,Alex,Ovechkin,LW,1985-09-17
9186,2014020040_148,2014020040,148,15.0,28.0,Goal,Wrist Shot,59.0,3.0,2,REGULAR,429,771,2014-10-15 00:20:38,4,3,"Alex Ovechkin (3) Wrist Shot, assists: Nicklas Backstrom (3), Eric Fehr (1)",59.0,3.0,left,8471214,Alex,Ovechkin,LW,1985-09-17
9187,2014020040_281,2014020040,281,15.0,28.0,Goal,Slap Shot,-59.0,-12.0,3,REGULAR,849,351,2014-10-15 01:30:05,5,4,"Alex Ovechkin (4) Slap Shot, assists: Nicklas Backstrom (4), John Carlson (4)",59.0,12.0,right,8471214,Alex,Ovechkin,LW,1985-09-17
9188,2014021057_165,2014021057,165,15.0,30.0,Goal,Wrist Shot,-74.0,9.0,2,REGULAR,925,275,2015-03-20 01:27:57,1,0,"Alex Ovechkin (46) Wrist Shot, assists: Karl Alzner (15), Matt Niskanen (21)",74.0,-9.0,right,8471214,Alex,Ovechkin,LW,1985-09-17
9189,2014021057_210,2014021057,210,15.0,30.0,Goal,Snap Shot,55.0,-21.0,3,REGULAR,185,1015,2015-03-20 02:02:25,3,1,"Alex Ovechkin (47) Snap Shot, assists: Nicklas Backstrom (54)",55.0,-21.0,left,8471214,Alex,Ovechkin,LW,1985-09-17
9190,2014020599_21,2014020599,21,15.0,4.0,Goal,Slap Shot,52.0,24.0,1,REGULAR,188,1012,2015-01-09 00:13:25,1,0,"Alex Ovechkin (21) Slap Shot, assists: Mike Green (18), Marcus Johansson (13)",52.0,24.0,left,8471214,Alex,Ovechkin,LW,1985-09-17
9191,2014020556_85,2014020556,85,15.0,16.0,Goal,Wrist Shot,76.0,3.0,1,REGULAR,718,482,2015-01-01 18:57:01,0,2,"Alex Ovechkin (18) Wrist Shot, assists: Mike Green (15), Jack Hillen (3)",-76.0,-3.0,right,8471214,Alex,Ovechkin,LW,1985-09-17
9192,2014021000_84,2014021000,84,15.0,3.0,Goal,Slap Shot,-38.0,-16.0,1,REGULAR,703,497,2015-03-12 00:31:42,1,1,"Alex Ovechkin (45) Slap Shot, assists: Evgeny Kuznetsov (20), Joel Ward (13)",38.0,16.0,right,8471214,Alex,Ovechkin,LW,1985-09-17
9193,2014020685_13,2014020685,13,15.0,22.0,Goal,Slap Shot,-43.0,-18.0,1,REGULAR,108,1092,2015-01-21 00:10:23,0,1,"Alex Ovechkin (26) Slap Shot, assists: Andre Burakovsky (11), Mike Green (22)",43.0,18.0,right,8471214,Alex,Ovechkin,LW,1985-09-17
9194,2014020685_61,2014020685,61,15.0,22.0,Goal,Slap Shot,-60.0,-23.0,1,REGULAR,838,362,2015-01-21 00:30:59,0,2,"Alex Ovechkin (27) Slap Shot, assists: Mike Green (23), Marcus Johansson (14)",60.0,23.0,right,8471214,Alex,Ovechkin,LW,1985-09-17
9195,2014020286_297,2014020286,297,15.0,21.0,Goal,Wrist Shot,85.0,7.0,3,REGULAR,844,356,2014-11-21 04:13:35,3,2,"Alex Ovechkin (9) Wrist Shot, assists: Brooks Orpik (6), Nicklas Backstrom (13)",85.0,7.0,left,8471214,Alex,Ovechkin,LW,1985-09-17
9196,2014020324_92,2014020324,92,15.0,2.0,Goal,Slap Shot,66.0,15.0,1,REGULAR,826,374,2014-11-27 00:31:51,1,1,"Alex Ovechkin (10) Slap Shot, assists: Matt Niskanen (6), Nicklas Backstrom (15)",-66.0,-15.0,right,8471214,Alex,Ovechkin,LW,1985-09-17
9197,2014020324_232,2014020324,232,15.0,2.0,Goal,Snap Shot,-78.0,-9.0,2,REGULAR,1127,73,2014-11-27 01:33:47,2,2,"Alex Ovechkin (11) Snap Shot, assists: Nicklas Backstrom (16), Marcus Johansson (6)",-78.0,-9.0,left,8471214,Alex,Ovechkin,LW,1985-09-17
9198,2014020709_35,2014020709,35,15.0,5.0,Goal,Tip-In,-76.0,-1.0,1,REGULAR,290,910,2015-01-29 01:18:07,0,1,"Alex Ovechkin (28) Tip-In, assists: Karl Alzner (9), Nicklas Backstrom (34)",76.0,1.0,right,8471214,Alex,Ovechkin,LW,1985-09-17
9199,2014020709_209,2014020709,209,15.0,5.0,Goal,Slap Shot,52.0,24.0,2,REGULAR,1039,161,2015-01-29 02:38:40,0,2,"Alex Ovechkin (29) Slap Shot, assists: Mike Green (24), Nicklas Backstrom (35)",52.0,24.0,left,8471214,Alex,Ovechkin,LW,1985-09-17
9200,2014020018_72,2014020018,72,15.0,6.0,Goal,Slap Shot,-73.0,-16.0,1,REGULAR,686,514,2014-10-11 23:29:21,1,0,"Alex Ovechkin (1) Slap Shot, assists: John Carlson (1), Nicklas Backstrom (1)",73.0,16.0,right,8471214,Alex,Ovechkin,LW,1985-09-17
9201,2014020018_101,2014020018,101,15.0,6.0,Goal,Wrist Shot,-73.0,-7.0,1,REGULAR,1119,81,2014-10-11 23:41:09,2,0,"Alex Ovechkin (2) Wrist Shot, assists: Nicklas Backstrom (2), Karl Alzner (1)",73.0,7.0,right,8471214,Alex,Ovechkin,LW,1985-09-17
9202,2014020786_168,2014020786,168,15.0,4.0,Goal,Wrist Shot,71.0,18.0,2,REGULAR,809,391,2015-02-08 21:29:09,1,1,"Alex Ovechkin (33) Wrist Shot, assists: Evgeny Kuznetsov (17), Nicklas Backstrom (39)",71.0,18.0,left,8471214,Alex,Ovechkin,LW,1985-09-17
9203,2014020944_23,2014020944,23,15.0,29.0,Goal,Deflected,73.0,-8.0,1,REGULAR,217,983,2015-03-04 00:13:23,1,0,"Alex Ovechkin (42) Deflected, assists: Brooks Orpik (16), Nicklas Backstrom (48)",-73.0,8.0,right,8471214,Alex,Ovechkin,LW,1985-09-17
9204,2014020944_207,2014020944,207,15.0,29.0,Goal,Snap Shot,67.0,-3.0,3,REGULAR,197,1003,2015-03-04 02:09:38,4,2,"Alex Ovechkin (43) Snap Shot, assists: Nicklas Backstrom (49), John Carlson (35)",-67.0,3.0,right,8471214,Alex,Ovechkin,LW,1985-09-17
9205,2014021143_51,2014021143,51,15.0,12.0,Goal,Snap Shot,-54.0,-5.0,1,REGULAR,672,528,2015-03-31 23:23:37,0,2,"Alex Ovechkin (50) Snap Shot, assists: Evgeny Kuznetsov (23), Matt Niskanen (26)",54.0,5.0,right,8471214,Alex,Ovechkin,LW,1985-09-17
9206,2014020657_149,2014020657,149,15.0,18.0,Goal,Slap Shot,80.0,31.0,2,REGULAR,226,974,2015-01-17 02:12:10,1,2,"Alex Ovechkin (23) Slap Shot, assists: Karl Alzner (7), Nicklas Backstrom (30)",80.0,31.0,left,8471214,Alex,Ovechkin,LW,1985-09-17
9207,2014020657_165,2014020657,165,15.0,18.0,Goal,Slap Shot,57.0,29.0,2,REGULAR,378,822,2015-01-17 02:17:02,2,2,"Alex Ovechkin (24) Slap Shot, assists: Mike Green (20), Troy Brouwer (11)",57.0,29.0,left,8471214,Alex,Ovechkin,LW,1985-09-17
9208,2014020936_8,2014020936,8,15.0,10.0,Goal,Snap Shot,-69.0,-1.0,1,REGULAR,33,1167,2015-03-02 00:11:04,0,1,"Alex Ovechkin (40) Snap Shot, assists: Nicklas Backstrom (47), Karl Alzner (14)",69.0,1.0,right,8471214,Alex,Ovechkin,LW,1985-09-17
9209,2014020936_172,2014020936,172,15.0,10.0,Goal,Backhand,76.0,3.0,2,REGULAR,330,870,2015-03-02 01:15:34,0,2,"Alex Ovechkin (41) Backhand, assists: Brooks Orpik (15), John Carlson (34)",76.0,3.0,left,8471214,Alex,Ovechkin,LW,1985-09-17
9210,2014020531_382,2014020531,382,15.0,2.0,Goal,Wrist Shot,60.0,10.0,3,REGULAR,1039,161,2014-12-30 02:27:58,3,3,"Alex Ovechkin (17) Wrist Shot, assists: Nicklas Backstrom (26)",-60.0,-10.0,right,8471214,Alex,Ovechkin,LW,1985-09-17
9211,2014020457_342,2014020457,342,15.0,13.0,Goal,Snap Shot,79.0,-2.0,5,SHOOTOUT,0,300,2014-12-17 03:10:16,1,1,Alex Ovechkin - Snap Shot,79.0,-2.0,,8471214,Alex,Ovechkin,LW,1985-09-17
9212,2014020974_142,2014020974,142,15.0,7.0,Goal,Wrist Shot,61.0,27.0,2,REGULAR,571,629,2015-03-08 01:14:20,1,3,"Alex Ovechkin (44) Wrist Shot, assists: John Carlson (36), Nicklas Backstrom (50)",61.0,27.0,left,8471214,Alex,Ovechkin,LW,1985-09-17
9213,2017020325_105,2017020325,105,15.0,9.0,Goal,Wrist Shot,-71.0,-2.0,1,REGULAR,1195,5,2017-11-23 00:47:14,0,2,"Alex Ovechkin (14) Wrist Shot, assists: Alex Chiasson (2), Nicklas Backstrom (13)",71.0,2.0,right,8471214,Alex,Ovechkin,LW,1985-09-17
9214,2017020921_252,2017020921,252,15.0,14.0,Goal,Snap Shot,-67.0,-20.0,3,REGULAR,662,538,2018-02-21 02:16:30,3,2,"Alex Ovechkin (36) Snap Shot, assists: Matt Niskanen (15)",67.0,20.0,right,8471214,Alex,Ovechkin,LW,1985-09-17
9215,2015020070_296,2015020070,296,15.0,12.0,Goal,Wrist Shot,-67.0,1.0,3,REGULAR,971,229,2015-10-18 01:26:36,1,4,"Alex Ovechkin (3) Wrist Shot, assists: none",67.0,-1.0,right,8471214,Alex,Ovechkin,LW,1985-09-17
9216,2017020885_116,2017020885,116,15.0,30.0,Goal,Wrist Shot,-58.0,19.0,2,REGULAR,351,849,2018-02-16 02:13:44,2,0,"Alex Ovechkin (34) Wrist Shot, assists: Andre Burakovsky (8)",58.0,-19.0,right,8471214,Alex,Ovechkin,LW,1985-09-17
9217,2016020039_92,2016020039,92,15.0,21.0,Goal,Slap Shot,-73.0,-25.0,1,REGULAR,944,256,2016-10-18 23:44:10,0,1,"Alex Ovechkin (1) Slap Shot, assists: Dmitry Orlov (1), Marcus Johansson (2)",73.0,25.0,right,8471214,Alex,Ovechkin,LW,1985-09-17
9218,2017020412_142,2017020412,142,15.0,28.0,Goal,Backhand,76.0,6.0,2,REGULAR,431,769,2017-12-05 01:10:58,0,2,"Alex Ovechkin (20) Backhand, assists: none",76.0,6.0,left,8471214,Alex,Ovechkin,LW,1985-09-17
9219,2016020729_27,2016020729,27,15.0,1.0,Goal,Backhand,-80.0,-3.0,1,REGULAR,374,826,2017-01-27 00:15:33,1,0,"Alex Ovechkin (23) Backhand, assists: none",80.0,3.0,right,8471214,Alex,Ovechkin,LW,1985-09-17
9220,2017021112_180,2017021112,180,15.0,4.0,Goal,Tip-In,-81.0,-3.0,2,REGULAR,908,292,2018-03-18 22:27:37,1,1,"Alex Ovechkin (43) Tip-In, assists: Travis Boyd (1), John Carlson (45)",81.0,3.0,right,8471214,Alex,Ovechkin,LW,1985-09-17
9221,2016020755_181,2016020755,181,15.0,6.0,Goal,Snap Shot,56.0,17.0,2,REGULAR,1185,15,2017-02-02 02:40:15,2,3,"Alex Ovechkin (25) Snap Shot, assists: Matt Niskanen (24), Nicklas Backstrom (37)",56.0,17.0,left,8471214,Alex,Ovechkin,LW,1985-09-17
9222,2017020047_277,2017020047,277,15.0,5.0,Goal,Wrist Shot,-75.0,7.0,3,REGULAR,771,429,2017-10-12 01:55:44,3,2,"Alex Ovechkin (8) Wrist Shot, assists: Christian Djoos (1), Nicklas Backstrom (5)",75.0,-7.0,right,8471214,Alex,Ovechkin,LW,1985-09-17
9223,2015020761_274,2015020761,274,15.0,2.0,Goal,Slap Shot,-57.0,-1.0,3,REGULAR,1040,160,2016-02-05 02:57:30,2,3,"Alex Ovechkin (29) Slap Shot, assists: Nicklas Backstrom (31), T.J. Oshie (16)",57.0,1.0,right,8471214,Alex,Ovechkin,LW,1985-09-17
9224,2017020788_111,2017020788,111,15.0,5.0,Goal,Wrist Shot,-80.0,3.0,1,REGULAR,1090,110,2018-02-03 00:40:50,1,2,"Alex Ovechkin (31) Wrist Shot, assists: Christian Djoos (8)",80.0,-3.0,right,8471214,Alex,Ovechkin,LW,1985-09-17
9225,2017020788_244,2017020788,244,15.0,5.0,Goal,Snap Shot,-79.0,-19.0,3,REGULAR,110,1090,2018-02-03 02:03:37,4,4,"Alex Ovechkin (32) Snap Shot, assists: Evgeny Kuznetsov (34), Dmitry Orlov (11)",79.0,19.0,right,8471214,Alex,Ovechkin,LW,1985-09-17
9226,2015020552_231,2015020552,231,15.0,7.0,Goal,Backhand,-86.0,-7.0,3,REGULAR,84,1116,2015-12-31 02:04:13,2,2,"Alex Ovechkin (19) Backhand, assists: Evgeny Kuznetsov (21), T.J. Oshie (11)",86.0,7.0,right,8471214,Alex,Ovechkin,LW,1985-09-17
9227,2015020552_325,2015020552,325,15.0,7.0,Goal,Wrist Shot,-79.0,1.0,3,REGULAR,1127,73,2015-12-31 02:42:45,2,5,"Alex Ovechkin (20) Wrist Shot, assists: none",79.0,-1.0,right,8471214,Alex,Ovechkin,LW,1985-09-17
9228,2015021165_159,2015021165,159,15.0,21.0,Goal,Snap Shot,-87.0,-5.0,2,REGULAR,777,423,2016-04-02 02:24:36,2,0,"Alex Ovechkin (45) Snap Shot, assists: Marcus Johansson (26), Evgeny Kuznetsov (55)",87.0,5.0,right,8471214,Alex,Ovechkin,LW,1985-09-17
9229,2017020348_62,2017020348,62,15.0,10.0,Goal,Snap Shot,58.0,-8.0,1,REGULAR,763,437,2017-11-26 00:36:22,1,0,"Alex Ovechkin (16) Snap Shot, assists: Nicklas Backstrom (15)",58.0,-8.0,left,8471214,Alex,Ovechkin,LW,1985-09-17
9230,2017020348_96,2017020348,96,15.0,10.0,Goal,Slap Shot,52.0,1.0,1,REGULAR,1153,47,2017-11-26 00:48:39,2,0,"Alex Ovechkin (17) Slap Shot, assists: T.J. Oshie (10)",52.0,1.0,left,8471214,Alex,Ovechkin,LW,1985-09-17
9231,2017020348_324,2017020348,324,15.0,10.0,Goal,Backhand,80.0,-3.0,3,REGULAR,1191,9,2017-11-26 02:40:36,4,2,"Alex Ovechkin (18) Backhand, assists: T.J. Oshie (12), Nicklas Backstrom (16)",80.0,-3.0,left,8471214,Alex,Ovechkin,LW,1985-09-17
9232,2015021041_287,2015021041,287,15.0,12.0,Goal,Wrist Shot,71.0,-9.0,4,OVERTIME,98,202,2016-03-16 01:27:18,1,2,"Alex Ovechkin (42) Wrist Shot, assists: Evgeny Kuznetsov (50)",71.0,-9.0,left,8471214,Alex,Ovechkin,LW,1985-09-17
9233,2017020022_5,2017020022,5,15.0,8.0,Goal,Slap Shot,-51.0,-16.0,1,REGULAR,20,1180,2017-10-07 23:17:37,0,1,"Alex Ovechkin (4) Slap Shot, assists: Jakub Vrana (3), Evgeny Kuznetsov (4)",51.0,16.0,right,8471214,Alex,Ovechkin,LW,1985-09-17
9234,2017020022_21,2017020022,21,15.0,8.0,Goal,Wrist Shot,-77.0,-20.0,1,REGULAR,171,1029,2017-10-07 23:22:10,0,3,"Alex Ovechkin (5) Wrist Shot, assists: Evgeny Kuznetsov (5), Nicklas Backstrom (2)",77.0,20.0,right,8471214,Alex,Ovechkin,LW,1985-09-17
9235,2017020022_85,2017020022,85,15.0,8.0,Goal,Tip-In,-74.0,-6.0,1,REGULAR,1090,110,2017-10-07 23:48:52,0,4,"Alex Ovechkin (6) Tip-In, assists: Evgeny Kuznetsov (6), Aaron Ness (1)",74.0,6.0,right,8471214,Alex,Ovechkin,LW,1985-09-17
9236,2017020022_203,2017020022,203,15.0,8.0,Goal,Backhand,85.0,6.0,2,REGULAR,1006,194,2017-10-08 00:50:17,1,5,"Alex Ovechkin (7) Backhand, assists: Evgeny Kuznetsov (7), John Carlson (1)",85.0,6.0,left,8471214,Alex,Ovechkin,LW,1985-09-17
9237,2017020667_119,2017020667,119,15.0,12.0,Goal,Slap Shot,-59.0,-22.0,2,REGULAR,28,1172,2018-01-13 01:36:43,2,1,"Alex Ovechkin (28) Slap Shot, assists: John Carlson (30), Evgeny Kuznetsov (28)",59.0,22.0,right,8471214,Alex,Ovechkin,LW,1985-09-17
9238,2017020502_328,2017020502,328,15.0,24.0,Goal,Slap Shot,67.0,-27.0,4,OVERTIME,118,182,2017-12-17 03:31:19,2,3,"Alex Ovechkin (23) Slap Shot, assists: John Carlson (22)",67.0,-27.0,left,8471214,Alex,Ovechkin,LW,1985-09-17
9239,2015020858_120,2015020858,120,15.0,2.0,Goal,Wrist Shot,-77.0,12.0,2,REGULAR,85,1115,2016-02-19 01:05:57,1,1,"Alex Ovechkin (36) Wrist Shot, assists: Evgeny Kuznetsov (42), Justin Williams (22)",-77.0,12.0,left,8471214,Alex,Ovechkin,LW,1985-09-17
9240,2015020858_130,2015020858,130,15.0,2.0,Goal,Snap Shot,-59.0,-15.0,2,REGULAR,172,1028,2016-02-19 01:09:43,2,1,"Alex Ovechkin (37) Snap Shot, assists: Nicklas Backstrom (37), T.J. Oshie (18)",-59.0,-15.0,left,8471214,Alex,Ovechkin,LW,1985-09-17
9241,2016021025_180,2016021025,180,15.0,30.0,Goal,Wrist Shot,66.0,20.0,2,REGULAR,892,308,2017-03-15 00:31:29,0,2,"Alex Ovechkin (28) Wrist Shot, assists: John Carlson (27), Nicklas Backstrom (49)",66.0,20.0,left,8471214,Alex,Ovechkin,LW,1985-09-17
9242,2017020852_25,2017020852,25,15.0,17.0,Goal,Slap Shot,-61.0,-27.0,1,REGULAR,260,940,2018-02-11 20:13:53,0,1,"Alex Ovechkin (33) Slap Shot, assists: John Carlson (34), Evgeny Kuznetsov (38)",61.0,27.0,right,8471214,Alex,Ovechkin,LW,1985-09-17
9243,2015020478_185,2015020478,185,15.0,14.0,Goal,Snap Shot,71.0,18.0,2,REGULAR,829,371,2015-12-19 01:28:16,3,1,"Alex Ovechkin (15) Snap Shot, assists: T.J. Oshie (8), John Carlson (19)",71.0,18.0,left,8471214,Alex,Ovechkin,LW,1985-09-17
9244,2015020478_260,2015020478,260,15.0,14.0,Goal,Wrist Shot,-77.0,1.0,3,REGULAR,602,598,2015-12-19 02:12:14,3,3,"Alex Ovechkin (16) Wrist Shot, assists: Jason Chimera (9), Justin Williams (12)",77.0,-1.0,right,8471214,Alex,Ovechkin,LW,1985-09-17
9245,2016020168_270,2016020168,270,15.0,13.0,Goal,Tip-In,-78.0,4.0,3,REGULAR,522,678,2016-11-06 02:21:13,2,2,"Alex Ovechkin (7) Tip-In, assists: Brooks Orpik (3), Nate Schmidt (3)",78.0,-4.0,right,8471214,Alex,Ovechkin,LW,1985-09-17
9246,2016020423_67,2016020423,67,15.0,23.0,Goal,Wrist Shot,-70.0,-23.0,1,REGULAR,826,374,2016-12-11 22:31:41,0,1,"Alex Ovechkin (13) Wrist Shot, assists: John Carlson (11), Nicklas Backstrom (17)",70.0,23.0,right,8471214,Alex,Ovechkin,LW,1985-09-17
9247,2016020566_334,2016020566,334,15.0,10.0,Goal,Snap Shot,79.0,13.0,4,OVERTIME,22,278,2017-01-04 02:45:21,5,6,"Alex Ovechkin (18) Snap Shot, assists: John Carlson (16), Evgeny Kuznetsov (19)",79.0,13.0,left,8471214,Alex,Ovechkin,LW,1985-09-17
9248,2016020291_69,2016020291,69,15.0,19.0,Goal,Snap Shot,-62.0,-18.0,1,REGULAR,1048,152,2016-11-24 00:38:22,0,1,"Alex Ovechkin (10) Snap Shot, assists: Evgeny Kuznetsov (6), Nicklas Backstrom (13)",62.0,18.0,right,8471214,Alex,Ovechkin,LW,1985-09-17
9249,2016020291_151,2016020291,151,15.0,19.0,Goal,Slap Shot,62.0,27.0,2,REGULAR,612,588,2016-11-24 01:21:42,0,2,"Alex Ovechkin (11) Slap Shot, assists: John Carlson (8), Andre Burakovsky (6)",62.0,27.0,left,8471214,Alex,Ovechkin,LW,1985-09-17
9250,2016020291_226,2016020291,226,15.0,19.0,Goal,Wrist Shot,-60.0,-19.0,3,REGULAR,413,787,2016-11-24 02:13:16,1,4,"Alex Ovechkin (12) Wrist Shot, assists: none",60.0,19.0,right,8471214,Alex,Ovechkin,LW,1985-09-17
9251,2016020456_129,2016020456,129,15.0,12.0,Goal,Wrist Shot,-44.0,-11.0,2,REGULAR,385,815,2016-12-17 01:37:15,1,1,"Alex Ovechkin (14) Wrist Shot, assists: Nicklas Backstrom (18), John Carlson (13)",44.0,11.0,right,8471214,Alex,Ovechkin,LW,1985-09-17
9252,2017020401_221,2017020401,221,15.0,29.0,Goal,Snap Shot,66.0,21.0,2,REGULAR,1162,38,2017-12-03 01:39:11,2,3,"Alex Ovechkin (19) Snap Shot, assists: John Carlson (17), Nicklas Backstrom (17)",66.0,21.0,left,8471214,Alex,Ovechkin,LW,1985-09-17
9253,2017021244_132,2017021244,132,15.0,18.0,Goal,Snap Shot,58.0,22.0,2,REGULAR,269,931,2018-04-06 00:16:37,1,1,"Alex Ovechkin (47) Snap Shot, assists: Evgeny Kuznetsov (55), John Carlson (52)",58.0,22.0,left,8471214,Alex,Ovechkin,LW,1985-09-17
9254,2017020201_76,2017020201,76,15.0,6.0,Goal,Slap Shot,-54.0,-5.0,1,REGULAR,786,414,2017-11-04 23:36:04,2,0,"Alex Ovechkin (11) Slap Shot, assists: Evgeny Kuznetsov (13), Dmitry Orlov (2)",54.0,5.0,right,8471214,Alex,Ovechkin,LW,1985-09-17
9255,2015020614_101,2015020614,101,15.0,3.0,Goal,Wrist Shot,82.0,9.0,1,REGULAR,1185,15,2016-01-09 18:43:58,1,0,"Alex Ovechkin (23) Wrist Shot, assists: none",82.0,9.0,left,8471214,Alex,Ovechkin,LW,1985-09-17
9256,2015020614_329,2015020614,329,15.0,3.0,Goal,Wrist Shot,-73.0,1.0,4,OVERTIME,85,215,2016-01-09 20:41:58,4,3,"Alex Ovechkin (24) Wrist Shot, assists: Nate Schmidt (8)",73.0,-1.0,right,8471214,Alex,Ovechkin,LW,1985-09-17
9257,2017020721_214,2017020721,214,15.0,4.0,Goal,Slap Shot,55.0,25.0,2,REGULAR,1184,16,2018-01-21 19:08:04,1,1,"Alex Ovechkin (29) Slap Shot, assists: John Carlson (31), T.J. Oshie (18)",55.0,25.0,left,8471214,Alex,Ovechkin,LW,1985-09-17
9258,2015020917_217,2015020917,217,15.0,30.0,Goal,Slap Shot,-67.0,-29.0,3,REGULAR,275,925,2016-02-27 02:02:01,2,2,"Alex Ovechkin (40) Slap Shot, assists: Matt Niskanen (22), Nicklas Backstrom (39)",67.0,29.0,right,8471214,Alex,Ovechkin,LW,1985-09-17
9259,2017020644_247,2017020644,247,15.0,19.0,Goal,Slap Shot,-61.0,-25.0,3,REGULAR,480,720,2018-01-07 22:10:56,2,2,"Alex Ovechkin (27) Slap Shot, assists: John Carlson (29), Nicklas Backstrom (26)",61.0,25.0,right,8471214,Alex,Ovechkin,LW,1985-09-17
9260,2017020605_293,2017020605,293,15.0,12.0,Goal,Backhand,81.0,-2.0,3,REGULAR,765,435,2018-01-03 02:18:42,4,4,"Alex Ovechkin (25) Backhand, assists: Nicklas Backstrom (24)",81.0,-2.0,left,8471214,Alex,Ovechkin,LW,1985-09-17
9261,2017020605_344,2017020605,344,15.0,12.0,Goal,Snap Shot,-65.0,12.0,4,OVERTIME,117,183,2018-01-03 02:36:03,5,4,"Alex Ovechkin (26) Snap Shot, assists: Nicklas Backstrom (25)",65.0,-12.0,right,8471214,Alex,Ovechkin,LW,1985-09-17
9262,2015020625_217,2015020625,217,15.0,9.0,Goal,Wrist Shot,57.0,19.0,2,REGULAR,979,221,2016-01-11 01:41:28,1,5,"Alex Ovechkin (25) Wrist Shot, assists: Jason Chimera (12), Andre Burakovsky (8)",57.0,19.0,left,8471214,Alex,Ovechkin,LW,1985-09-17
9263,2015020625_279,2015020625,279,15.0,9.0,Goal,Wrist Shot,-76.0,-1.0,3,REGULAR,586,614,2016-01-11 02:22:25,1,7,"Alex Ovechkin (26) Wrist Shot, assists: Nicklas Backstrom (28), T.J. Oshie (12)",76.0,1.0,right,8471214,Alex,Ovechkin,LW,1985-09-17
9264,2015021150_262,2015021150,262,15.0,4.0,Goal,Snap Shot,60.0,27.0,3,REGULAR,88,1112,2016-03-31 02:03:34,1,0,"Alex Ovechkin (44) Snap Shot, assists: Evgeny Kuznetsov (54), Justin Williams (29)",60.0,27.0,left,8471214,Alex,Ovechkin,LW,1985-09-17
9265,2015020497_179,2015020497,179,15.0,3.0,Goal,Snap Shot,-74.0,-21.0,2,REGULAR,663,537,2015-12-21 01:31:51,4,3,"Alex Ovechkin (17) Snap Shot, assists: Marcus Johansson (11), Nicklas Backstrom (20)",74.0,21.0,right,8471214,Alex,Ovechkin,LW,1985-09-17
9266,2015020601_89,2015020601,89,15.0,2.0,Goal,Wrist Shot,65.0,-19.0,1,REGULAR,945,255,2016-01-08 00:33:48,2,0,"Alex Ovechkin (22) Wrist Shot, assists: Karl Alzner (10)",-65.0,19.0,right,8471214,Alex,Ovechkin,LW,1985-09-17
9267,2016020622_8,2016020622,8,15.0,5.0,Goal,Wrist Shot,-67.0,17.0,1,REGULAR,35,1165,2017-01-12 01:11:48,0,1,"Alex Ovechkin (20) Wrist Shot, assists: Nicklas Backstrom (25), T.J. Oshie (8)",67.0,-17.0,right,8471214,Alex,Ovechkin,LW,1985-09-17
9268,2016020622_162,2016020622,162,15.0,5.0,Goal,Slap Shot,61.0,24.0,2,REGULAR,486,714,2017-01-12 02:21:05,0,2,"Alex Ovechkin (21) Slap Shot, assists: John Carlson (18), Nicklas Backstrom (26)",61.0,24.0,left,8471214,Alex,Ovechkin,LW,1985-09-17
9269,2016021133_111,2016021133,111,15.0,30.0,Goal,Wrist Shot,-76.0,-27.0,2,REGULAR,451,749,2017-03-29 01:19:12,2,1,"Alex Ovechkin (31) Wrist Shot, assists: Marcus Johansson (27), Nicklas Backstrom (59)",76.0,27.0,right,8471214,Alex,Ovechkin,LW,1985-09-17
9270,2016021133_129,2016021133,129,15.0,30.0,Goal,Slap Shot,-60.0,-29.0,2,REGULAR,748,452,2017-03-29 01:28:58,3,1,"Alex Ovechkin (32) Slap Shot, assists: Kevin Shattenkirk (40), Marcus Johansson (28)",60.0,29.0,right,8471214,Alex,Ovechkin,LW,1985-09-17
9271,2016021133_218,2016021133,218,15.0,30.0,Goal,Wrist Shot,55.0,17.0,3,REGULAR,749,451,2017-03-29 02:23:11,4,2,"Alex Ovechkin (33) Wrist Shot, assists: Nicklas Backstrom (60), Marcus Johansson (29)",55.0,17.0,left,8471214,Alex,Ovechkin,LW,1985-09-17
9272,2017020569_211,2017020569,211,15.0,6.0,Goal,Slap Shot,66.0,27.0,2,REGULAR,847,353,2017-12-29 02:07:03,2,2,"Alex Ovechkin (24) Slap Shot, assists: John Carlson (25), Evgeny Kuznetsov (27)",66.0,27.0,left,8471214,Alex,Ovechkin,LW,1985-09-17
9273,2017020569_387,2017020569,387,15.0,6.0,Goal,Wrist Shot,-82.0,5.0,5,SHOOTOUT,0,300,2017-12-29 03:25:39,3,3,Alex Ovechkin - Wrist Shot,-82.0,5.0,,8471214,Alex,Ovechkin,LW,1985-09-17
9274,2016020549_179,2016020549,179,15.0,1.0,Goal,Wrist Shot,81.0,9.0,2,REGULAR,698,502,2016-12-31 19:34:12,4,1,"Alex Ovechkin (17) Wrist Shot, assists: Matt Niskanen (14), T.J. Oshie (6)",81.0,9.0,left,8471214,Alex,Ovechkin,LW,1985-09-17
9275,2015020813_105,2015020813,105,15.0,30.0,Goal,Wrist Shot,-67.0,-12.0,2,REGULAR,134,1066,2016-02-12 02:06:02,1,0,"Alex Ovechkin (32) Wrist Shot, assists: T.J. Oshie (17), Nicklas Backstrom (33)",67.0,12.0,right,8471214,Alex,Ovechkin,LW,1985-09-17
9276,2015020813_127,2015020813,127,15.0,30.0,Goal,Wrist Shot,-84.0,-3.0,2,REGULAR,321,879,2016-02-12 02:11:51,2,0,"Alex Ovechkin (33) Wrist Shot, assists: John Carlson (23), Nicklas Backstrom (34)",84.0,3.0,right,8471214,Alex,Ovechkin,LW,1985-09-17
9277,2015020813_193,2015020813,193,15.0,30.0,Goal,Wrist Shot,-78.0,4.0,2,REGULAR,895,305,2016-02-12 02:35:44,3,1,"Alex Ovechkin (34) Wrist Shot, assists: Nicklas Backstrom (35)",78.0,-4.0,right,8471214,Alex,Ovechkin,LW,1985-09-17
9278,2017020427_99,2017020427,99,15.0,16.0,Goal,Wrist Shot,-76.0,5.0,1,REGULAR,922,278,2017-12-07 01:41:55,0,3,"Alex Ovechkin (21) Wrist Shot, assists: Tom Wilson (9), Dmitry Orlov (7)",76.0,-5.0,right,8471214,Alex,Ovechkin,LW,1985-09-17
9279,2015020087_122,2015020087,122,15.0,20.0,Goal,Backhand,-87.0,-4.0,2,REGULAR,30,1170,2015-10-21 02:11:31,2,1,"Alex Ovechkin (4) Backhand, assists: Brooks Orpik (1), Evgeny Kuznetsov (4)",87.0,4.0,right,8471214,Alex,Ovechkin,LW,1985-09-17
9280,2016020096_227,2016020096,227,15.0,22.0,Goal,Wrist Shot,-81.0,-2.0,3,REGULAR,9,1191,2016-10-27 03:28:50,1,2,"Alex Ovechkin (4) Wrist Shot, assists: Matt Niskanen (4), Andre Burakovsky (1)",81.0,2.0,right,8471214,Alex,Ovechkin,LW,1985-09-17
9281,2017020964_39,2017020964,39,15.0,29.0,Goal,Slap Shot,-46.0,-23.0,1,REGULAR,417,783,2018-02-27 00:21:27,1,1,"Alex Ovechkin (39) Slap Shot, assists: John Carlson (39), T.J. Oshie (22)",46.0,23.0,right,8471214,Alex,Ovechkin,LW,1985-09-17
9282,2017021005_39,2017021005,39,15.0,10.0,Goal,Wrist Shot,77.0,4.0,1,REGULAR,379,821,2018-03-04 01:31:05,1,2,"Alex Ovechkin (40) Wrist Shot, assists: Tom Wilson (18), Nicklas Backstrom (33)",-77.0,-4.0,right,8471214,Alex,Ovechkin,LW,1985-09-17
9283,2015020775_291,2015020775,291,15.0,1.0,Goal,Backhand,-82.0,-8.0,5,SHOOTOUT,0,300,2016-02-06 20:41:19,2,2,Alex Ovechkin - Backhand,-82.0,-8.0,,8471214,Alex,Ovechkin,LW,1985-09-17
9284,2016020243_337,2016020243,337,15.0,5.0,Goal,Wrist Shot,-81.0,3.0,3,REGULAR,626,574,2016-11-17 03:05:43,0,6,"Alex Ovechkin (8) Wrist Shot, assists: Andre Burakovsky (5)",81.0,-3.0,right,8471214,Alex,Ovechkin,LW,1985-09-17
9285,2015020174_67,2015020174,67,15.0,3.0,Goal,Snap Shot,81.0,8.0,1,REGULAR,945,255,2015-11-04 00:31:44,1,1,"Alex Ovechkin (6) Snap Shot, assists: Nate Schmidt (1)",81.0,8.0,left,8471214,Alex,Ovechkin,LW,1985-09-17
9286,2017020220_177,2017020220,177,15.0,53.0,Goal,Slap Shot,61.0,27.0,2,REGULAR,863,337,2017-11-07 01:31:16,2,2,"Alex Ovechkin (12) Slap Shot, assists: John Carlson (10), Evgeny Kuznetsov (14)",61.0,27.0,left,8471214,Alex,Ovechkin,LW,1985-09-17
9287,2017021123_191,2017021123,191,15.0,25.0,Goal,Slap Shot,48.0,22.0,2,REGULAR,821,379,2018-03-21 00:33:19,2,3,"Alex Ovechkin (44) Slap Shot, assists: John Carlson (46), T.J. Oshie (25)",48.0,22.0,left,8471214,Alex,Ovechkin,LW,1985-09-17
9288,2015021226_27,2015021226,27,15.0,19.0,Goal,Wrist Shot,-82.0,-14.0,1,REGULAR,244,956,2016-04-10 00:15:04,1,1,"Alex Ovechkin (48) Wrist Shot, assists: John Carlson (31), Nicklas Backstrom (48)",82.0,14.0,right,8471214,Alex,Ovechkin,LW,1985-09-17
9289,2015021226_40,2015021226,40,15.0,19.0,Goal,Wrist Shot,-65.0,1.0,1,REGULAR,409,791,2016-04-10 00:20:57,2,1,"Alex Ovechkin (49) Wrist Shot, assists: Nicklas Backstrom (49)",65.0,-1.0,right,8471214,Alex,Ovechkin,LW,1985-09-17
9290,2015021226_245,2015021226,245,15.0,19.0,Goal,Slap Shot,-83.0,-16.0,3,REGULAR,635,565,2016-04-10 02:16:18,5,1,"Alex Ovechkin (50) Slap Shot, assists: Nicklas Backstrom (50), T.J. Oshie (25)",83.0,16.0,right,8471214,Alex,Ovechkin,LW,1985-09-17
9291,2017020752_147,2017020752,147,15.0,13.0,Goal,Tip-In,-74.0,-13.0,2,REGULAR,471,729,2018-01-26 01:47:32,2,2,"Alex Ovechkin (30) Tip-In, assists: Brooks Orpik (8), Madison Bowey (11)",74.0,13.0,right,8471214,Alex,Ovechkin,LW,1985-09-17
9292,2017020913_106,2017020913,106,15.0,7.0,Goal,Deflected,82.0,5.0,2,REGULAR,78,1122,2018-02-19 21:04:53,1,0,"Alex Ovechkin (35) Deflected, assists: Christian Djoos (11), John Carlson (36)",82.0,5.0,left,8471214,Alex,Ovechkin,LW,1985-09-17
9293,2015021092_77,2015021092,77,15.0,9.0,Goal,Snap Shot,-77.0,-8.0,1,REGULAR,742,458,2016-03-23 00:02:59,2,0,"Alex Ovechkin (43) Snap Shot, assists: Marcus Johansson (24), Nicklas Backstrom (46)",77.0,8.0,right,8471214,Alex,Ovechkin,LW,1985-09-17
9294,2016020697_240,2016020697,240,15.0,25.0,Goal,Slap Shot,57.0,29.0,3,REGULAR,198,1002,2017-01-22 03:14:50,2,3,"Alex Ovechkin (22) Slap Shot, assists: Matt Niskanen (19), Nicklas Backstrom (32)",57.0,29.0,left,8471214,Alex,Ovechkin,LW,1985-09-17
9295,2015020423_292,2015020423,292,15.0,13.0,Goal,Slap Shot,69.0,22.0,3,REGULAR,1072,128,2015-12-11 03:21:37,1,3,"Alex Ovechkin (14) Slap Shot, assists: John Carlson (16), Nicklas Backstrom (15)",69.0,22.0,left,8471214,Alex,Ovechkin,LW,1985-09-17
9296,2017021262_20,2017021262,20,15.0,1.0,Goal,Slap Shot,-71.0,-23.0,1,REGULAR,141,1059,2018-04-07 23:13:32,0,1,"Alex Ovechkin (48) Slap Shot, assists: Evgeny Kuznetsov (56), Tom Wilson (21)",71.0,23.0,right,8471214,Alex,Ovechkin,LW,1985-09-17
9297,2017021262_218,2017021262,218,15.0,1.0,Goal,Slap Shot,-54.0,22.0,3,REGULAR,311,889,2018-04-08 01:04:59,3,4,"Alex Ovechkin (49) Slap Shot, assists: none",54.0,-22.0,right,8471214,Alex,Ovechkin,LW,1985-09-17
9298,2015020281_251,2015020281,251,15.0,25.0,Goal,Wrist Shot,-69.0,-1.0,3,REGULAR,421,779,2015-11-20 02:08:45,2,2,"Alex Ovechkin (9) Wrist Shot, assists: Nicklas Backstrom (8), T.J. Oshie (5)",69.0,1.0,right,8471214,Alex,Ovechkin,LW,1985-09-17
9299,2017020223_180,2017020223,180,15.0,7.0,Goal,Wrist Shot,58.0,-6.0,2,REGULAR,1064,136,2017-11-08 01:35:10,1,1,"Alex Ovechkin (13) Wrist Shot, assists: Devante Smith-Pelly (4), Brooks Orpik (3)",58.0,-6.0,left,8471214,Alex,Ovechkin,LW,1985-09-17
9300,2015020685_126,2015020685,126,15.0,29.0,Goal,Snap Shot,-63.0,-22.0,2,REGULAR,196,1004,2016-01-20 01:07:14,3,1,"Alex Ovechkin (28) Snap Shot, assists: Evgeny Kuznetsov (30), Matt Niskanen (18)",-63.0,-22.0,left,8471214,Alex,Ovechkin,LW,1985-09-17
9301,2017020479_349,2017020479,349,15.0,6.0,Goal,Wrist Shot,47.0,34.0,3,REGULAR,1111,89,2017-12-15 02:39:05,5,2,"Alex Ovechkin (22) Wrist Shot, assists: Matt Niskanen (8)",-47.0,-34.0,right,8471214,Alex,Ovechkin,LW,1985-09-17
9302,2015020558_323,2015020558,323,15.0,12.0,Goal,Snap Shot,78.0,-10.0,3,REGULAR,856,344,2016-01-01 01:23:23,2,3,"Alex Ovechkin (21) Snap Shot, assists: Brooks Laich (4)",78.0,-10.0,left,8471214,Alex,Ovechkin,LW,1985-09-17
9303,2016020518_214,2016020518,214,15.0,2.0,Goal,Backhand,-79.0,2.0,3,REGULAR,77,1123,2016-12-28 02:00:49,2,2,"Alex Ovechkin (16) Backhand, assists: Justin Williams (5), Evgeny Kuznetsov (15)",79.0,-2.0,right,8471214,Alex,Ovechkin,LW,1985-09-17
9304,2016020869_192,2016020869,192,15.0,3.0,Goal,Wrist Shot,-65.0,-18.0,2,REGULAR,1044,156,2017-02-19 19:01:32,1,1,"Alex Ovechkin (27) Wrist Shot, assists: Lars Eller (11), Evgeny Kuznetsov (33)",65.0,18.0,right,8471214,Alex,Ovechkin,LW,1985-09-17
9305,2016021112_42,2016021112,42,15.0,53.0,Goal,Wrist Shot,-67.0,-19.0,1,REGULAR,511,689,2017-03-25 00:00:00,0,1,"Alex Ovechkin (30) Wrist Shot, assists: Nicklas Backstrom (57), Marcus Johansson (26)",67.0,19.0,right,8471214,Alex,Ovechkin,LW,1985-09-17
9306,2016020071_71,2016020071,71,15.0,3.0,Goal,Snap Shot,-59.0,16.0,1,REGULAR,889,311,2016-10-22 23:35:06,0,2,"Alex Ovechkin (3) Snap Shot, assists: Evgeny Kuznetsov (2), Dmitry Orlov (2)",59.0,-16.0,right,8471214,Alex,Ovechkin,LW,1985-09-17
9307,2015020878_100,2015020878,100,15.0,1.0,Goal,Wrist Shot,-78.0,-9.0,1,REGULAR,1022,178,2016-02-21 00:39:42,1,1,"Alex Ovechkin (38) Wrist Shot, assists: Dmitry Orlov (17)",78.0,9.0,right,8471214,Alex,Ovechkin,LW,1985-09-17
9308,2017020338_98,2017020338,98,15.0,14.0,Goal,Slap Shot,-70.0,-15.0,1,REGULAR,1116,84,2017-11-24 22:39:02,1,1,"Alex Ovechkin (15) Slap Shot, assists: Tom Wilson (6), Nicklas Backstrom (14)",70.0,15.0,right,8471214,Alex,Ovechkin,LW,1985-09-17
9309,2016020793_60,2016020793,60,15.0,12.0,Goal,Snap Shot,-60.0,-23.0,1,REGULAR,623,577,2017-02-08 00:28:12,0,1,"Alex Ovechkin (26) Snap Shot, assists: Matt Niskanen (26), Nicklas Backstrom (39)",60.0,23.0,right,8471214,Alex,Ovechkin,LW,1985-09-17
9310,2015020203_110,2015020203,110,15.0,10.0,Goal,Backhand,79.0,10.0,2,REGULAR,291,909,2015-11-08 01:14:17,1,1,"Alex Ovechkin (8) Backhand, assists: Evgeny Kuznetsov (10), Nicklas Backstrom (6)",79.0,10.0,left,8471214,Alex,Ovechkin,LW,1985-09-17
9311,2015020203_323,2015020203,323,15.0,10.0,Goal,Wrist Shot,-85.0,9.0,5,SHOOTOUT,0,300,2015-11-08 03:05:42,2,2,Alex Ovechkin - Wrist Shot,-85.0,9.0,,8471214,Alex,Ovechkin,LW,1985-09-17
9312,2015020673_98,2015020673,98,15.0,3.0,Goal,Wrist Shot,-56.0,-15.0,1,REGULAR,1081,119,2016-01-17 22:41:09,1,1,"Alex Ovechkin (27) Wrist Shot, assists: Evgeny Kuznetsov (27), Dmitry Orlov (13)",56.0,15.0,right,8471214,Alex,Ovechkin,LW,1985-09-17
9313,2015020831_236,2015020831,236,15.0,25.0,Goal,Slap Shot,69.0,22.0,3,REGULAR,243,957,2016-02-14 03:03:43,1,4,"Alex Ovechkin (35) Slap Shot, assists: John Carlson (24), Nicklas Backstrom (36)",69.0,22.0,left,8471214,Alex,Ovechkin,LW,1985-09-17
9314,2015020787_212,2015020787,212,15.0,4.0,Goal,Tip-In,75.0,3.0,2,REGULAR,956,244,2016-02-07 18:37:13,1,1,"Alex Ovechkin (30) Tip-In, assists: Karl Alzner (13)",75.0,3.0,left,8471214,Alex,Ovechkin,LW,1985-09-17
9315,2015020322_108,2015020322,108,15.0,52.0,Goal,Wrist Shot,-76.0,-16.0,1,REGULAR,1126,74,2015-11-26 00:41:21,2,2,"Alex Ovechkin (11) Wrist Shot, assists: John Carlson (11), Nicklas Backstrom (10)",76.0,16.0,right,8471214,Alex,Ovechkin,LW,1985-09-17
9316,2016020741_295,2016020741,295,15.0,2.0,Goal,Slap Shot,-31.0,-13.0,3,REGULAR,1153,47,2017-02-01 02:26:06,2,3,"Alex Ovechkin (24) Slap Shot, assists: Nicklas Backstrom (35), Evgeny Kuznetsov (29)",31.0,13.0,right,8471214,Alex,Ovechkin,LW,1985-09-17
9317,2015020890_275,2015020890,275,15.0,53.0,Goal,Wrist Shot,-60.0,-28.0,3,REGULAR,497,703,2016-02-23 02:17:39,1,2,"Alex Ovechkin (39) Wrist Shot, assists: Justin Williams (23), Evgeny Kuznetsov (44)",60.0,28.0,right,8471214,Alex,Ovechkin,LW,1985-09-17
9318,2016020149_171,2016020149,171,15.0,52.0,Goal,Backhand,78.0,-3.0,2,REGULAR,604,596,2016-11-04 00:20:34,0,3,"Alex Ovechkin (5) Backhand, assists: John Carlson (3), Nicklas Backstrom (6)",78.0,-3.0,left,8471214,Alex,Ovechkin,LW,1985-09-17
9319,2016020149_338,2016020149,338,15.0,52.0,Goal,Slap Shot,63.0,23.0,4,OVERTIME,201,99,2016-11-04 01:46:26,3,4,"Alex Ovechkin (6) Slap Shot, assists: John Carlson (4), Nicklas Backstrom (7)",63.0,23.0,left,8471214,Alex,Ovechkin,LW,1985-09-17
9320,2015020098_208,2015020098,208,15.0,23.0,Goal,Slap Shot,68.0,9.0,3,REGULAR,905,295,2015-10-23 04:16:20,3,2,"Alex Ovechkin (5) Slap Shot, assists: Evgeny Kuznetsov (6), Dmitry Orlov (2)",68.0,9.0,left,8471214,Alex,Ovechkin,LW,1985-09-17
9321,2017020008_234,2017020008,234,15.0,9.0,Goal,Wrist Shot,-64.0,-12.0,3,REGULAR,255,945,2017-10-06 01:50:24,2,3,"Alex Ovechkin (1) Wrist Shot, assists: Evgeny Kuznetsov (1)",64.0,12.0,right,8471214,Alex,Ovechkin,LW,1985-09-17
9322,2017020008_238,2017020008,238,15.0,9.0,Goal,Snap Shot,-65.0,-1.0,3,REGULAR,338,862,2017-10-06 01:52:39,3,3,"Alex Ovechkin (2) Snap Shot, assists: Evgeny Kuznetsov (2), Jakub Vrana (1)",65.0,1.0,right,8471214,Alex,Ovechkin,LW,1985-09-17
9323,2017020008_262,2017020008,262,15.0,9.0,Goal,Wrist Shot,-53.0,-8.0,3,REGULAR,648,552,2017-10-06 02:03:46,4,4,"Alex Ovechkin (3) Wrist Shot, assists: Evgeny Kuznetsov (3), Jakub Vrana (2)",53.0,8.0,right,8471214,Alex,Ovechkin,LW,1985-09-17
9324,2017020008_332,2017020008,332,15.0,9.0,Goal,Snap Shot,-67.0,1.0,5,SHOOTOUT,0,300,2017-10-06 02:35:15,4,4,Alex Ovechkin - Snap Shot,-67.0,1.0,,8471214,Alex,Ovechkin,LW,1985-09-17
9325,2015020951_83,2015020951,83,15.0,10.0,Goal,Slap Shot,-68.0,-18.0,1,REGULAR,1123,77,2016-03-03 00:43:44,0,2,"Alex Ovechkin (41) Slap Shot, assists: Nicklas Backstrom (42), T.J. Oshie (20)",68.0,18.0,right,8471214,Alex,Ovechkin,LW,1985-09-17
9326,2017020106_332,2017020106,332,15.0,17.0,Goal,Slap Shot,-63.0,-13.0,4,OVERTIME,116,184,2017-10-21 02:14:06,4,3,"Alex Ovechkin (10) Slap Shot, assists: Nicklas Backstrom (9), John Carlson (5)",63.0,13.0,right,8471214,Alex,Ovechkin,LW,1985-09-17
9327,2016020271_158,2016020271,158,15.0,29.0,Goal,Wrist Shot,75.0,22.0,2,REGULAR,631,569,2016-11-20 18:51:24,1,2,"Alex Ovechkin (9) Wrist Shot, assists: Nicklas Backstrom (12), Matt Niskanen (9)",75.0,22.0,left,8471214,Alex,Ovechkin,LW,1985-09-17
